Metrics,LoadPoint,Modulation,Bandwidth, ,rep0,rep1,rep2,rep3,rep4,rep5,rep6,rep7,rep8,rep9
Percentage of cicuits per modulation,0,BPSK,all, ,0.2304183466073474,0.232546395657114,0.2369254777455656,0.2408273658919619,0.23667071346645294,0.2404020520564383,0.2467873851664703,0.24049204149910447,0.24086479492121685,0.23530944364277698
Percentage of cicuits per modulation,0,QPSK,all, ,0.32329010175640693,0.3268991820543658,0.33775484808330025,0.3146648054066026,0.3306615511540087,0.33023682241352575,0.33217109429799174,0.3250853299989862,0.33266164359558437,0.3250561167227834
Percentage of cicuits per modulation,0,8QAM,all, ,0.4169430706998484,0.4118299789367371,0.39891166163304564,0.4130051072797192,0.40367833978361917,0.40013078152070597,0.3904918858917347,0.40406880470413303,0.39688776266663073,0.4095852706963818
Percentage of cicuits per modulation,0,16QAM,all, ,0.021278145213079372,0.020903793380686916,0.017482023582906764,0.02001973114635276,0.018874631931262535,0.02094526725945301,0.02071600280571767,0.021182116183974857,0.02127616557264358,0.021457965902410347
Percentage of cicuits per modulation,0,32QAM,all, ,0.008070335723317907,0.007820649971096154,0.008925988955181714,0.011482990275363583,0.010114763664656681,0.00828507674987697,0.009833631838085574,0.009171707613801493,0.008309633243924466,0.00859120303564748
Percentage of cicuits per modulation,0,64QAM,all, ,0.0,0.0,0.0,0.0,0.0,0.0,0.0,0.0,0.0,0.0
Percentage of cicuits per modulation,1,BPSK,all, ,0.14278312897277484,0.1569666591574679,0.15035964024857978,0.14571090206243156,0.14674488896820173,0.14620062315019702,0.15166141022752871,0.14128274315155956,0.1472930340705792,0.15516773361684802
Percentage of cicuits per modulation,1,QPSK,all, ,0.29164415079413714,0.2908594277990538,0.2864504007737546,0.2936060152392018,0.28892247292519435,0.2846313771173451,0.2898851092588421,0.28794541234995613,0.31428797173671347,0.29774696315063226
Percentage of cicuits per modulation,1,8QAM,all, ,0.5200581605878454,0.5091912592926334,0.5298884948471946,0.515931892834,0.5200593359283507,0.5225209156629192,0.5129083126830367,0.5240070177776297,0.4876771393580938,0.5044958943153799
Percentage of cicuits per modulation,1,16QAM,all, ,0.028746037670679597,0.02390177968010813,0.015141577080855131,0.026495430473934708,0.026918658472657512,0.02815880854574134,0.02927461139896373,0.02823767169681424,0.03071826447167181,0.023254235754518515
Percentage of cicuits per modulation,1,32QAM,all, ,0.0167685219745631,0.019080874070736654,0.0181598870496159,0.018255759390431926,0.017354643705595647,0.018488275523797313,0.016270556431628745,0.01852715502404033,0.020023590362941684,0.019335173162621306
Percentage of cicuits per modulation,1,64QAM,all, ,0.0,0.0,0.0,0.0,0.0,0.0,0.0,0.0,0.0,0.0
Percentage of cicuits per modulation,2,BPSK,all, ,0.11892107013253599,0.11329035082690073,0.11720442546747155,0.11447841679122411,0.10920528086979032,0.1197380876423181,0.1128211617447789,0.12046628021159998,0.12050855960368721,0.11219172963547289
Percentage of cicuits per modulation,2,QPSK,all, ,0.2906156561081234,0.2871975023584783,0.30664871800265026,0.31094292188003403,0.30174993528345845,0.28606917038423924,0.3076720288089928,0.2936424973866768,0.2857068205096047,0.29141928921365107
Percentage of cicuits per modulation,2,8QAM,all, ,0.5439107280315447,0.5590088657934651,0.5263866394632227,0.5288770816058139,0.5433549055138494,0.5505912378601425,0.5335832502913062,0.5423199974658685,0.5498369599297673,0.5475898862409698
Percentage of cicuits per modulation,2,16QAM,all, ,0.02360617279425241,0.021135092593075194,0.02929979176745262,0.025922033200061267,0.0261144188454569,0.02380118090675648,0.02729578251952147,0.025161814860569967,0.02466503626596434,0.028086855434692352
Percentage of cicuits per modulation,2,32QAM,all, ,0.022946372933543492,0.019368188428080746,0.020460425299202827,0.019779546522866634,0.01957545948744499,0.019800323206543624,0.018627776635400686,0.018409410075284825,0.019282623690976358,0.020712239475213817
Percentage of cicuits per modulation,2,64QAM,all, ,0.0,0.0,0.0,0.0,0.0,0.0,0.0,0.0,0.0,0.0
Percentage of cicuits per modulation,3,BPSK,all, ,0.08493843547162602,0.08252043237542842,0.08445690046962581,0.09193577027472667,0.08462097800399927,0.08788654618473896,0.09231672860947675,0.08252808960621953,0.07920347734882408,0.08569260229083214
Percentage of cicuits per modulation,3,QPSK,all, ,0.3102962840062947,0.3353698107850494,0.31608847144372065,0.3185865401689455,0.3268294653497344,0.3056977911646586,0.30295603917081027,0.3285444499546659,0.3228952357900682,0.32732563691466426
Percentage of cicuits per modulation,3,8QAM,all, ,0.5597319215473335,0.5349986817822304,0.5543503509569258,0.5506912559295807,0.5463047122745359,0.5563303212851406,0.5588017863833838,0.5465538574054872,0.5523770624067127,0.5378228550463142
Percentage of cicuits per modulation,3,16QAM,all, ,0.025118528685701646,0.02502585734855706,0.024976013735292634,0.019801628573602903,0.027853521581934597,0.03019578313253012,0.022775375454444184,0.023323264655936763,0.022752027108798256,0.028512265853131425
Percentage of cicuits per modulation,3,32QAM,all, ,0.01991483028904408,0.022085217708734714,0.020128263394435186,0.018984805053144264,0.014391322789795795,0.019889558232931728,0.02315007038188502,0.019050338377690615,0.022772197345596837,0.020646639895057974
Percentage of cicuits per modulation,3,64QAM,all, ,0.0,0.0,0.0,0.0,0.0,0.0,0.0,0.0,0.0,0.0
Percentage of cicuits per modulation,4,BPSK,all, ,0.0684201581541353,0.05683553190340365,0.06916060966033785,0.06798783674160043,0.06954234042133112,0.07020323976255156,0.06920916659171089,0.06307846782451361,0.06690161907800288,0.06422971568905261
Percentage of cicuits per modulation,4,QPSK,all, ,0.34332543562366913,0.34928544427152625,0.3524926007208005,0.33322052624506676,0.3344636616715039,0.3583610021128886,0.33626160565266494,0.3504259909135194,0.3529221167650343,0.36713844685388736
Percentage of cicuits per modulation,4,8QAM,all, ,0.5386237990982615,0.5459735975217607,0.5312179112891859,0.5541897050260535,0.5510474046871606,0.5240969916490592,0.5556821475329555,0.5425245305152651,0.5288473041952465,0.5227016251311191
Percentage of cicuits per modulation,4,16QAM,all, ,0.027577002669225924,0.025818265723417104,0.02619445507077134,0.026381928304459696,0.023707279511935082,0.02629540195190663,0.01923365214523431,0.024729344162880633,0.02590126016908598,0.0254433192644405
Percentage of cicuits per modulation,4,32QAM,all, ,0.022053604454708133,0.02208716057989229,0.0209344232589043,0.018220003682819647,0.021239313708069262,0.021043364523593924,0.019613428077434315,0.01924166658382129,0.025427699792630404,0.02048689306150045
Percentage of cicuits per modulation,4,64QAM,all, ,0.0,0.0,0.0,0.0,0.0,0.0,0.0,0.0,0.0,0.0


Percentage of cicuits per modulation and bandwidth,0,BPSK,100.0, ,0.02944116731878157,0.030172957959853555,0.029623251965802767,0.030690657235089226,0.030290631770284862,0.030174128179372924,0.03216360330420926,0.03113108715487817,0.030758447790163228,0.030049168938057827
Percentage of cicuits per modulation and bandwidth,0,BPSK,200.0, ,0.01909339477116394,0.019628037395597313,0.01902237887358997,0.01946940665624182,0.020122208881943,0.01984643283290301,0.019810273557472946,0.020080429860430536,0.020588750657087786,0.020168617390839614
Percentage of cicuits per modulation and bandwidth,0,BPSK,400.0, ,0.01100981813607685,0.0113356234925149,0.011515669247378369,0.01168432850345295,0.011764784792976008,0.011601803976027883,0.011999210040655666,0.01163191510932378,0.011692792926365731,0.011624178290844958
Percentage of cicuits per modulation and bandwidth,0,BPSK,10.0, ,0.03520758439426139,0.03400022591512236,0.03462772504994383,0.036851607014623866,0.03605229091348121,0.03642332764815726,0.037632028765416124,0.037099117975059985,0.036082543704762035,0.03499946555502111
Percentage of cicuits per modulation and bandwidth,0,BPSK,40.0, ,0.036021900468066234,0.03508993415238639,0.03577794668621819,0.037146903082488275,0.036260220405261286,0.036457034225658796,0.03839474813235905,0.036808489067621915,0.0361162405143481,0.034745604190048636
Percentage of cicuits per modulation and bandwidth,0,BPSK,80.0, ,0.03518110257072302,0.034777639718536334,0.035912475532566074,0.036052965376536045,0.03587789843650437,0.0360592966111407,0.036413039777176984,0.03547700314284749,0.03604210753325875,0.03527336860670194
Percentage of cicuits per modulation and bandwidth,0,BPSK,160.0, ,0.02545565287625706,0.025269270892165397,0.026724155327005995,0.026455843170942867,0.026722293395220306,0.026763022536217717,0.02727402736255729,0.027454293535196513,0.02671483063983502,0.026789054566832345
Percentage of cicuits per modulation and bandwidth,0,QPSK,100.0, ,0.032301204260925406,0.032677957993076365,0.033901269279665296,0.03357650517103682,0.03262480800059025,0.03413128037805297,0.034574341303296716,0.03370619445101551,0.03430335215861762,0.03306210250654695
Percentage of cicuits per modulation and bandwidth,0,QPSK,200.0, ,0.021192079286579672,0.021089841128512483,0.021356454357725655,0.02044254142534043,0.0211350267290008,0.02091830199745178,0.021771551929611898,0.020810381534926158,0.020972894286368966,0.02148468815135482
Percentage of cicuits per modulation and bandwidth,0,QPSK,400.0, ,0.010301429356425484,0.010578143376367949,0.010917015881130311,0.01022798198693986,0.010544037454138133,0.010813070062491995,0.010650831159810137,0.010489675914974147,0.010102303513903304,0.010842552509219176
Percentage of cicuits per modulation and bandwidth,0,QPSK,10.0, ,0.040841592352049365,0.045096645160432956,0.046620971701857174,0.04601920766695972,0.04354446002052465,0.04582072145558484,0.04736351068828613,0.046953465580750905,0.045106549311911145,0.044692961359628025
Percentage of cicuits per modulation and bandwidth,0,QPSK,40.0, ,0.042774765470350286,0.04638569027036724,0.04693038804845729,0.04635477138044201,0.04583839183306616,0.04660945536912073,0.0477516803661053,0.04888648575580413,0.04770794301195563,0.04691090802201913
Percentage of cicuits per modulation and bandwidth,0,QPSK,80.0, ,0.040755526425549665,0.04134911195423226,0.04297523996582967,0.04230787299584572,0.04138467626719611,0.04294217973695387,0.04346819392139904,0.04343888344429049,0.043212788613174104,0.04194725028058362
Percentage of cicuits per modulation and bandwidth,0,QPSK,160.0, ,0.028189901156593644,0.02786065023687865,0.028257784175371805,0.027972591155882767,0.028714392074532663,0.028603401667801454,0.029133155819480668,0.028420803622723124,0.028170532813953174,0.027898027898027897
Percentage of cicuits per modulation and bandwidth,0,8QAM,100.0, ,0.023151734228418968,0.022956963169190492,0.023091876475613282,0.023039804567693268,0.02345578815338489,0.022671044027531534,0.024189099923047064,0.024068128822952926,0.022873394347023224,0.023856287745176633
Percentage of cicuits per modulation and bandwidth,0,8QAM,200.0, ,0.014591484769641238,0.013521684529465313,0.013069477422696362,0.013737978429964498,0.013374561503531448,0.013846662037630023,0.014300988130179852,0.013510864789969924,0.013316979148414228,0.013361124472235582
Percentage of cicuits per modulation and bandwidth,0,8QAM,400.0, ,0.0077459333849728895,0.007820649971096154,0.007251104818150632,0.00795286000953001,0.007854368866918418,0.007712064932350899,0.006932574245963376,0.007238687438748268,0.007150462994163713,0.007208326652771097
Percentage of cicuits per modulation and bandwidth,0,8QAM,10.0, ,0.0381735486305587,0.037827493870391166,0.037062697168840426,0.03728783984215083,0.036837057059876985,0.037609799176211246,0.03891911769713231,0.03823459835760873,0.03749780970737691,0.03809924643257977
Percentage of cicuits per modulation and bandwidth,0,8QAM,40.0, ,0.03320820671711454,0.03263144605611997,0.03306046398999105,0.0324691449165453,0.032577856179865715,0.03340321830401985,0.03453348133721049,0.033658882768409316,0.03290156487983718,0.03330260274704719
Percentage of cicuits per modulation and bandwidth,0,8QAM,80.0, ,0.027362344171019615,0.027043369058930625,0.026677070230784236,0.026798118158694793,0.026675341574495772,0.027491084610250845,0.02836362645819004,0.028062586597276198,0.02687657532584815,0.0274103468547913
Percentage of cicuits per modulation and bandwidth,0,8QAM,160.0, ,0.018828576535780253,0.018206101037216194,0.01828247021867664,0.018677476292423643,0.017606932771700126,0.018794787614855164,0.018877304331837406,0.01849886789902335,0.017427989917914572,0.01890599112821335
Percentage of cicuits per modulation and bandwidth,0,16QAM,100.0, ,7.348706031897357E-4,0.0010166180506182764,0.0010291456745612677,8.321980094360516E-4,9.792808322545594E-4,0.001152764950552451,0.0010487391295465225,9.462336521239566E-4,9.502500303271286E-4,9.152370263481375E-4
Percentage of cicuits per modulation and bandwidth,0,16QAM,200.0, ,6.22322853151668E-4,7.508355537246095E-4,6.390120201524212E-4,7.650852667395959E-4,5.83544057576347E-4,8.22440491037421E-4,7.695293612906301E-4,7.434692980973945E-4,6.537181059697268E-4,5.812089145422479E-4
Percentage of cicuits per modulation and bandwidth,0,16QAM,400.0, ,3.7736598542175613E-4,4.584748071415757E-4,3.699543274566649E-4,4.3623282752696253E-4,3.82321968756917E-4,4.449268230202442E-4,4.835095986870331E-4,4.258051434557805E-4,4.313191627016754E-4,4.075142964031853E-4
Percentage of cicuits per modulation and bandwidth,0,16QAM,10.0, ,8.805206326507643E-4,0.00102990717546296,0.0016008932715397498,0.001127494077300457,0.001167088115152694,0.001172988897053371,0.001327948897802415,0.001135480382548748,9.704681160787697E-4,0.0013561541339319116
Percentage of cicuits per modulation and bandwidth,0,16QAM,40.0, ,0.0010460320297655697,0.00110964192453106,0.0014125528866527205,0.0011342053515701026,0.0011134288914675127,0.0012404020520564382,0.001014689157807999,0.0010543746409381232,0.0010715585448369748,0.001122334455667789
Percentage of cicuits per modulation and bandwidth,0,16QAM,80.0, ,0.0010526524856501619,0.0011162864869534016,0.0012040331748135093,0.0013154097568505332,9.45743817451321E-4,0.0012066954745549047,0.001082789101285046,0.0010611334527390085,0.0012804787642705989,8.951953396397841E-4
Percentage of cicuits per modulation and bandwidth,0,16QAM,160.0, ,8.010751620356577E-4,8.970159270161263E-4,9.34975482117753E-4,8.925994778628618E-4,7.042773108680051E-4,9.168189080417153E-4,8.989192538970193E-4,7.705045453009361E-4,7.95244706231214E-4,7.549035326813104E-4
Percentage of cicuits per modulation and bandwidth,0,32QAM,100.0, ,9.202433679583176E-4,9.103050518608097E-4,0.001082957213100419,8.925994778628618E-4,8.317179671203106E-4,0.0010381625870472364,9.397792199832474E-4,0.0010476158291372376,9.772074779959834E-4,9.62000962000962E-4
Percentage of cicuits per modulation and bandwidth,0,32QAM,200.0, ,4.634319119214549E-4,5.182758689426508E-4,5.784740392958761E-4,5.436132158412918E-4,5.902514605369947E-4,5.393052400245383E-4,4.154096552099862E-4,5.474637558717177E-4,6.200212963836584E-4,4.943616054727166E-4
Percentage of cicuits per modulation and bandwidth,0,32QAM,400.0, ,2.1847504419154304E-4,1.993368726702503E-4,1.9506682720442332E-4,2.885847935947598E-4,2.4817390954396366E-4,2.1572209600981537E-4,2.6558977956048295E-4,2.635936602345308E-4,2.4261702901969242E-4,2.2713911602800492E-4
Percentage of cicuits per modulation and bandwidth,0,32QAM,10.0, ,0.0018471071918012274,0.001727586229808836,0.001890130291187688,0.0015167479849399006,0.0019384394556271757,0.002042618596592939,0.001675258609535354,0.0018316379980399446,0.00175897346039277,0.001830474052696275
Percentage of cicuits per modulation and bandwidth,0,32QAM,40.0, ,0.001370434368110588,0.0013621352965800437,0.0017017899063006584,0.0012751421112326597,0.0015561174868702586,0.0017392593990791362,0.0016071586660583073,0.0016761853266195803,0.0014557021741181545,0.0014630431297097963
Percentage of cicuits per modulation and bandwidth,0,32QAM,80.0, ,0.001271127529841705,0.001169442986332135,0.0014125528866527205,0.0011476279001093937,0.0013750176069327717,0.0013347804690607326,0.0011645090334575022,0.00133824473657531,0.0012130851450984621,0.0012359040136817915
Percentage of cicuits per modulation and bandwidth,0,32QAM,160.0, ,6.885274119975902E-4,6.644562422341676E-4,7.533615395481176E-4,6.845499755038489E-4,6.84155101986062E-4,7.887339135358874E-4,7.354793895521066E-4,8.178162279071339E-4,7.008936393902226E-4,6.41333974667308E-4
Percentage of cicuits per modulation and bandwidth,0,64QAM,100.0, ,0.0,0.0,0.0,0.0,0.0,0.0,0.0,0.0,0.0,0.0
Percentage of cicuits per modulation and bandwidth,0,64QAM,200.0, ,0.0,0.0,0.0,0.0,0.0,0.0,0.0,0.0,0.0,0.0
Percentage of cicuits per modulation and bandwidth,0,64QAM,400.0, ,0.0,0.0,0.0,0.0,0.0,0.0,0.0,0.0,0.0,0.0
Percentage of cicuits per modulation and bandwidth,0,64QAM,10.0, ,0.0,0.0,0.0,0.0,0.0,0.0,0.0,0.0,0.0,0.0
Percentage of cicuits per modulation and bandwidth,0,64QAM,40.0, ,0.0,0.0,0.0,0.0,0.0,0.0,0.0,0.0,0.0,0.0
Percentage of cicuits per modulation and bandwidth,0,64QAM,80.0, ,0.0,0.0,0.0,0.0,0.0,0.0,0.0,0.0,0.0,0.0
Percentage of cicuits per modulation and bandwidth,0,64QAM,160.0, ,0.0,0.0,0.0,0.0,0.0,0.0,0.0,0.0,0.0,0.0
Percentage of cicuits per modulation and bandwidth,1,BPSK,100.0, ,0.016322846971916903,0.016202973642712323,0.015430623339373659,0.016825687663396868,0.015904705606799095,0.015534164571848995,0.016901329128182024,0.015617886449692973,0.01650761043168107,0.016558463591738865
Percentage of cicuits per modulation and bandwidth,1,BPSK,200.0, ,0.012724021325548876,0.013364496508222573,0.012968171560071594,0.012524300046924229,0.012408124114701257,0.01298136680582573,0.01391642261770669,0.012442119990672573,0.012816678047982121,0.012854299092903839
Percentage of cicuits per modulation and bandwidth,1,BPSK,400.0, ,0.008924641927990062,0.009405271457535481,0.008943758268390568,0.009077603736062386,0.009028653007506217,0.008940365975330386,0.00932642487046632,0.008278090542656318,0.008973367721836888,0.009964485262514986
Percentage of cicuits per modulation and bandwidth,1,BPSK,10.0, ,0.009554157869227812,0.00890403243973868,0.009216128781225333,0.009055258865327464,0.008102923298274573,0.00891807079833455,0.010250056318990763,0.01001032679303108,0.009012873114322962,0.009947519623589024
Percentage of cicuits per modulation and bandwidth,1,BPSK,40.0, ,0.014640423836927517,0.015380716377562513,0.014596836055185601,0.014758787120416509,0.014209393368206204,0.014837440290729108,0.015797476909213785,0.01461851938216907,0.01535066679458889,0.01617390910941706
Percentage of cicuits per modulation and bandwidth,1,BPSK,80.0, ,0.017386896040734696,0.018613426447398062,0.01752065013173839,0.018155207472124773,0.016830435316030738,0.01778040365417951,0.01792070286100473,0.01701144830496241,0.018127331523610117,0.01858868504987898
Percentage of cicuits per modulation and bandwidth,1,BPSK,160.0, ,0.015314507278429887,0.016918224825411127,0.016153238985669977,0.016121824235246798,0.016066429471664864,0.015339081773135426,0.016816850642036495,0.01527921205458765,0.016044832976844198,0.016801637749677654
Percentage of cicuits per modulation and bandwidth,1,QPSK,100.0, ,0.02197177763045743,0.022983780130660058,0.022089804449088948,0.02257390565995576,0.022479617216341917,0.021877142427164445,0.02212773147105204,0.021786202072021053,0.02387818794408294,0.022564299771529395
Percentage of cicuits per modulation and bandwidth,1,QPSK,200.0, ,0.016228141033854587,0.016929488623563867,0.01705372925259308,0.017367550778718745,0.01703677266085948,0.016214167470222005,0.01675489975219644,0.016656117792065026,0.018155549661100168,0.016671567851245277
Percentage of cicuits per modulation and bandwidth,1,QPSK,400.0, ,0.009871701308613227,0.009765712998423067,0.009727518315527343,0.009680915245905303,0.009603051562029468,0.009157743951039791,0.009709394007659383,0.009666100358661736,0.010000507926474821,0.00956296514126722
Percentage of cicuits per modulation and bandwidth,1,QPSK,10.0, ,0.016250424783986896,0.017391304347826087,0.016097653166724107,0.017764172234263624,0.017984809110072608,0.01601351087725948,0.016918224825411127,0.01687819936262589,0.020740331055189035,0.017214468296876062
Percentage of cicuits per modulation and bandwidth,1,QPSK,40.0, ,0.030294758304875127,0.032366523991890064,0.028548876610599103,0.030528679641588275,0.029930068370158044,0.027779790536812125,0.028869114665465195,0.029281455078450314,0.032270262033624736,0.029537177370099758
Percentage of cicuits per modulation and bandwidth,1,QPSK,80.0, ,0.028055241416577996,0.028198918675377337,0.02740380874031417,0.027774674323509038,0.02843551679139852,0.027088640049941198,0.027314710520387475,0.027032879176521536,0.029634687992053772,0.027325989096749385
Percentage of cicuits per modulation and bandwidth,1,QPSK,160.0, ,0.021676517941204326,0.021091462041000226,0.021556180587208592,0.021992939020847764,0.022027905731716837,0.020745662194625748,0.02188555981076819,0.02124765426341095,0.023048574701875376,0.02130884249100821
Percentage of cicuits per modulation and bandwidth,1,8QAM,100.0, ,0.02282413107301828,0.023186528497409327,0.024057542439772765,0.022093490939154917,0.02211713269164278,0.02251812876579474,0.023034467222347376,0.0222081570560867,0.023460559509230153,0.023717963218494807
Percentage of cicuits per modulation and bandwidth,1,8QAM,200.0, ,0.012996997264669671,0.013815048434332056,0.01361852564173828,0.013189059951288181,0.01267022830948371,0.01309841648505387,0.013646091462041,0.012597577090065181,0.012669943733033845,0.013137059741669871
Percentage of cicuits per modulation and bandwidth,1,8QAM,400.0, ,0.007843880046573038,0.00828452354133814,0.008543540371980301,0.008396085178647242,0.00804715644832086,0.008137739603480278,0.00831831493579635,0.007872791676382735,0.007641471632306381,0.008064333702807248
Percentage of cicuits per modulation and bandwidth,1,8QAM,10.0, ,0.028272507980368015,0.02792295562063528,0.029543862769730186,0.02738363908564789,0.02846897690137075,0.026152242616116067,0.02842982653750845,0.02801003808698935,0.027789221800204298,0.028377858710159024
Percentage of cicuits per modulation and bandwidth,1,8QAM,40.0, ,0.03508019364578865,0.03379139445821131,0.03427421596202377,0.03318771925904409,0.033376459697297536,0.03178734860181371,0.033425321018247356,0.032868072443008316,0.03201065516871624,0.03315651367430497
Percentage of cicuits per modulation and bandwidth,1,8QAM,80.0, ,0.026161122655331666,0.026025005631899075,0.027075852408533534,0.025160324447523072,0.025552370648791532,0.025193550005295103,0.02639107907186303,0.025711493831684376,0.026824161498044483,0.02624018820548782
Percentage of cicuits per modulation and bandwidth,1,8QAM,160.0, ,0.018367381046556323,0.01959337688668619,0.019621794087892296,0.018808794941121264,0.018336140264781003,0.0186945059110088,0.01940189231808966,0.018677060084168914,0.018827141333363433,0.019176827199312328
Percentage of cicuits per modulation and bandwidth,1,16QAM,100.0, ,4.568168777123502E-4,4.674476233385898E-4,3.779835688319196E-4,4.413111970147253E-4,4.628648546158222E-4,4.849200996594412E-4,4.4492002703311556E-4,4.8302741596988573E-4,5.079264748209559E-4,4.580722510009727E-4
Percentage of cicuits per modulation and bandwidth,1,16QAM,200.0, ,3.9553656484849837E-4,5.068709168731696E-4,4.558037153561383E-4,3.686903671262262E-4,3.680612096945092E-4,4.514773341656866E-4,4.6181572426222124E-4,4.663712981778207E-4,5.305009848129984E-4,4.5241703802565206E-4
Percentage of cicuits per modulation and bandwidth,1,16QAM,400.0, ,3.7882375224926605E-4,2.7033115566569047E-4,3.16839167991462E-4,4.0220767322861036E-4,3.2902441472690974E-4,4.2360836292089116E-4,3.9986483442216715E-4,4.3861110185771236E-4,4.0634117985676474E-4,4.297961861243694E-4
Percentage of cicuits per modulation and bandwidth,1,16QAM,10.0, ,1.2256062572770372E-4,1.5769317413831944E-4,2.501361852564174E-4,1.173105713583447E-4,1.394171248842838E-4,1.6164003321981373E-4,9.011038522189682E-5,7.217651043228178E-5,1.354470599522549E-4,1.1310425950641301E-4
Percentage of cicuits per modulation and bandwidth,1,16QAM,40.0, ,5.069553155100471E-4,5.350304122550124E-4,4.5024513346155127E-4,5.306906799544165E-4,4.4055811463433676E-4,5.796746018917457E-4,4.3365622888037845E-4,3.386743951053222E-4,4.232720623507966E-4,5.82486936458027E-4
Percentage of cicuits per modulation and bandwidth,1,16QAM,80.0, ,0.0021225272001025052,7.772020725388601E-4,0.0010116619048148436,0.001374209550197752,0.0010428400941344428,0.001778040365417951,7.208830817751746E-4,7.328691828508611E-4,0.001072289224622018,0.0012384916415952225
Percentage of cicuits per modulation and bandwidth,1,16QAM,160.0, ,7.632184420316095E-4,6.476683937823834E-4,5.169481161965959E-4,5.02759591535763E-4,5.632451845325065E-4,7.301670466136413E-4,5.688218067132237E-4,5.940682012503193E-4,8.465441247015932E-4,5.372452326554618E-4
Percentage of cicuits per modulation and bandwidth,1,32QAM,100.0, ,8.189278173623839E-4,8.898400540662311E-4,9.060488488176896E-4,7.094496458337989E-4,9.145763392409016E-4,0.0010311519360574324,8.729443568371254E-4,6.940049080027094E-4,0.001535066679458889,8.030402424955324E-4
Percentage of cicuits per modulation and bandwidth,1,32QAM,200.0, ,4.735296903115825E-4,6.53300292858752E-4,6.447954997720981E-4,6.033115098429155E-4,5.688218695278778E-4,5.796746018917457E-4,5.01239017796801E-4,4.497151803857557E-4,6.54660789769232E-4,5.315900196801412E-4
Percentage of cicuits per modulation and bandwidth,1,32QAM,400.0, ,2.7297593912079465E-4,4.39288127956747E-4,3.335149136752232E-4,4.46897414698456E-4,3.2902441472690974E-4,4.7377251116152296E-4,3.3791394458211306E-4,2.9981012025717045E-4,4.4020294484482846E-4,5.315900196801412E-4
Percentage of cicuits per modulation and bandwidth,1,32QAM,10.0, ,0.0013203121953393536,0.0014586618607794549,9.505175039743861E-4,0.001469175250821174,9.257297092316444E-4,0.0011593492037834914,0.0010644289254336562,9.716068712037931E-4,0.0010835764796180392,9.048340760513041E-4
Percentage of cicuits per modulation and bandwidth,1,32QAM,40.0, ,0.0010027687559539394,0.0011939626041901328,0.0011950951073362165,0.0013909682032489442,0.0010595701491205567,0.0012819726772605915,0.0011545393106555531,9.605027926757498E-4,0.0012020926570762624,0.0010292487615083585
Percentage of cicuits per modulation and bandwidth,1,32QAM,80.0, ,9.916268808877846E-4,0.0010756927235863933,0.0011895365254416294,9.775880946528725E-4,9.591898192038724E-4,9.698401993188824E-4,8.78576255913494E-4,7.828375362270562E-4,0.001399619619506634,8.935236501006628E-4
Percentage of cicuits per modulation and bandwidth,1,32QAM,160.0, ,6.406578163039058E-4,7.377787790042803E-4,7.837600471367745E-4,7.317945165687216E-4,6.1901203448622E-4,7.636098121073958E-4,5.800856048659609E-4,5.829641227222759E-4,7.336715747413808E-4,5.768317234827063E-4
Percentage of cicuits per modulation and bandwidth,1,64QAM,100.0, ,0.0,0.0,0.0,0.0,0.0,0.0,0.0,0.0,0.0,0.0
Percentage of cicuits per modulation and bandwidth,1,64QAM,200.0, ,0.0,0.0,0.0,0.0,0.0,0.0,0.0,0.0,0.0,0.0
Percentage of cicuits per modulation and bandwidth,1,64QAM,400.0, ,0.0,0.0,0.0,0.0,0.0,0.0,0.0,0.0,0.0,0.0
Percentage of cicuits per modulation and bandwidth,1,64QAM,10.0, ,0.0,0.0,0.0,0.0,0.0,0.0,0.0,0.0,0.0,0.0
Percentage of cicuits per modulation and bandwidth,1,64QAM,40.0, ,0.0,0.0,0.0,0.0,0.0,0.0,0.0,0.0,0.0,0.0
Percentage of cicuits per modulation and bandwidth,1,64QAM,80.0, ,0.0,0.0,0.0,0.0,0.0,0.0,0.0,0.0,0.0,0.0
Percentage of cicuits per modulation and bandwidth,1,64QAM,160.0, ,0.0,0.0,0.0,0.0,0.0,0.0,0.0,0.0,0.0,0.0
Percentage of cicuits per modulation and bandwidth,2,BPSK,100.0, ,0.010588216812328832,0.009459973626740193,0.01023810024609301,0.010177619799616556,0.009619466735697644,0.010281942795579707,0.010123218550797994,0.010558881603260583,0.00989736836604586,0.009232541725483684
Percentage of cicuits per modulation and bandwidth,2,BPSK,200.0, ,0.009687537637392848,0.00879282397152105,0.00892350083082683,0.009454042263266028,0.009122443696608853,0.009858322568498345,0.009142531753689438,0.009745847719809518,0.009406157898037249,0.008630532259403804
Percentage of cicuits per modulation and bandwidth,2,BPSK,400.0, ,0.007839050726041671,0.0071822830069685865,0.007624676608543844,0.007373096647776188,0.007144706186901372,0.007123095670182889,0.007297153372033554,0.007575997550339468,0.007650341757070295,0.007462841484679897
Percentage of cicuits per modulation and bandwidth,2,BPSK,10.0, ,0.0027439295794561363,0.0018086010184456456,0.002334728561512736,0.0020756640276332677,0.0016360341703339375,0.0024894225690213325,0.002340994289872036,0.002571087670393952,0.002001421374971259,0.0018734949763348004
Percentage of cicuits per modulation and bandwidth,2,BPSK,40.0, ,0.00770290154843507,0.006853920286040415,0.007272363965252509,0.006934724855680612,0.0064716541548019675,0.007635623846157869,0.007281335843047933,0.007628791958355771,0.006714951610543258,0.006559827285560076
Percentage of cicuits per modulation and bandwidth,2,BPSK,80.0, ,0.010619635853314971,0.010137547495322134,0.010585154491723281,0.009961074697497055,0.009614289412373803,0.010940907593261823,0.010740102181237247,0.011171296736249696,0.010346773687840973,0.009315577513908494
Percentage of cicuits per modulation and bandwidth,2,BPSK,160.0, ,0.011143286536417286,0.010366880189303715,0.011210903813389983,0.011323724364492941,0.010613512813875226,0.011458665648583487,0.011504616082208971,0.011503901506752404,0.010644635354612153,0.01032238644855933
Percentage of cicuits per modulation and bandwidth,2,QPSK,100.0, ,0.017374729665334848,0.01685074090096476,0.017594598573922555,0.017582405974532183,0.018431271032876003,0.01685590113436083,0.018907219647480003,0.016836136716399,0.01747977676051922,0.017297392676243462
Percentage of cicuits per modulation and bandwidth,2,QPSK,200.0, ,0.014159514471086628,0.014380202333981372,0.015207286035799171,0.014983864749098168,0.014739839502976962,0.01471688048156729,0.014926474852765168,0.014407593947649065,0.015039401350306222,0.0149775803371253
Percentage of cicuits per modulation and bandwidth,2,QPSK,400.0, ,0.009860342362816613,0.009459973626740193,0.010096123509244263,0.01015121186033369,0.009391664509448614,0.009738035343524624,0.010096856002488625,0.009286536370067683,0.009646537488764867,0.01002138171551939
Percentage of cicuits per modulation and bandwidth,2,QPSK,10.0, ,0.008959663187880629,0.007218767753738383,0.009086511158319837,0.008957573004748148,0.0077349210458193115,0.008514243576400692,0.00885254372228637,0.007686865807173704,0.0076764699734537326,0.008282819895374906
Percentage of cicuits per modulation and bandwidth,2,QPSK,40.0, ,0.023946545738268914,0.024851324656913077,0.021932776644300947,0.026846311074961576,0.02644059021485892,0.023252043575354715,0.02532913641564248,0.022955008605488506,0.02252252252252252,0.022212073403636966
Percentage of cicuits per modulation and bandwidth,2,QPSK,80.0, ,0.021590117664308493,0.021604182194401154,0.022143112550743537,0.02388334028742401,0.022982138234532747,0.02161509133984279,0.0235839357175622,0.02079571731762172,0.022402332727158712,0.022061571037117
Percentage of cicuits per modulation and bandwidth,2,QPSK,160.0, ,0.018270172333439808,0.01790358645060747,0.018488526176303557,0.01879717118154402,0.018068858400207093,0.018006474590631195,0.019086484975983718,0.018002893133559295,0.01894818252126837,0.018086232666279168
Percentage of cicuits per modulation and bandwidth,2,8QAM,100.0, ,0.02247508731875141,0.022568421930460072,0.021985360620911595,0.023001315115376286,0.02214341185607041,0.022666297088526167,0.023589208227224077,0.022221166334061897,0.023787128195480865,0.02307356970854438
Percentage of cicuits per modulation and bandwidth,2,8QAM,200.0, ,0.01240528468269387,0.012858267183012702,0.012656963170182781,0.01310361947215811,0.012456639917162827,0.012630158622240584,0.012949283729562434,0.012718172891127371,0.012463159214899355,0.01302104957236569
Percentage of cicuits per modulation and bandwidth,2,8QAM,400.0, ,0.008446485518440358,0.009298398319616806,0.008592221778179754,0.008165334826262168,0.00819052549831737,0.008257979488413203,0.008082757311652774,0.007982514492065001,0.00813632658180222,0.008625342522627252
Percentage of cicuits per modulation and bandwidth,2,8QAM,10.0, ,0.02239653971628606,0.018998128853701376,0.020402582924931113,0.02041861865351199,0.019399430494434378,0.02074170148894665,0.02075787053879776,0.02029417044146684,0.019115403106122364,0.019051523706717595
Percentage of cicuits per modulation and bandwidth,2,8QAM,40.0, ,0.031345729890504645,0.032017971343837465,0.030340954504343435,0.031050455008793845,0.030473725084131504,0.032488010501597726,0.031972498589603666,0.031481305500121425,0.031066449279906358,0.030894503030806278
Percentage of cicuits per modulation and bandwidth,2,8QAM,80.0, ,0.024705839228767273,0.02364732801350978,0.024798603369581222,0.024596354648061394,0.02384675122961429,0.02551658133246866,0.026030380200671718,0.024032014529021085,0.02452394389749378,0.02438657311301171
Percentage of cicuits per modulation and bandwidth,2,8QAM,160.0, ,0.018128786649002183,0.01896164410693158,0.018109921544706895,0.019520748717894547,0.01788765208387264,0.01833072711012557,0.019956449070192922,0.01834605678566526,0.018143433456658514,0.01907747239060035
Percentage of cicuits per modulation and bandwidth,2,16QAM,100.0, ,3.1419040986138967E-4,3.1793850756537285E-4,2.6817828071430076E-4,4.014006770995632E-4,3.3134869272586075E-4,2.3011469125407277E-4,3.0053305072681545E-4,3.4844309290759924E-4,2.665078071110554E-4,3.113842065930416E-4
Percentage of cicuits per modulation and bandwidth,2,16QAM,200.0, ,2.8800787570627383E-4,2.8666586747697553E-4,3.7334623393559517E-4,3.063320956812456E-4,3.15816722754336E-4,3.7655131296121E-4,4.376183019355383E-4,2.322953952717328E-4,3.91923245751552E-4,3.944199950178527E-4
Percentage of cicuits per modulation and bandwidth,2,16QAM,400.0, ,3.1942691669241283E-4,2.8666586747697553E-4,3.0498706434175377E-4,3.538663863904044E-4,3.4688066269738545E-4,3.1902264014769177E-4,4.1125575362616854E-4,3.853991785190113E-4,4.3895403524173826E-4,3.321431536992444E-4
Percentage of cicuits per modulation and bandwidth,2,16QAM,10.0, ,2.6182534155115804E-5,2.6060533406997775E-5,2.103359064425888E-5,3.1689527139439203E-5,3.1063939943049444E-5,3.137927608010083E-5,2.109003864749582E-5,3.167664480978175E-5,0.0,1.0379473553101387E-5
Percentage of cicuits per modulation and bandwidth,2,16QAM,40.0, ,3.1419040986138967E-4,3.596353610165693E-4,5.416149590896662E-4,4.647797313784416E-4,4.0900854258348437E-4,3.0856288145432486E-4,4.903433985542779E-4,3.114870072961872E-4,2.978616667711795E-4,4.3593788923025823E-4
Percentage of cicuits per modulation and bandwidth,2,16QAM,80.0, ,0.0011258489686699796,9.381792026519199E-4,0.002970994678501567,0.0014471550727010569,0.0019052549831736992,0.0012970100779775011,0.002699524946879465,0.0019639519782064683,0.001133964591041157,0.0020655152370671758
Percentage of cicuits per modulation and bandwidth,2,16QAM,160.0, ,6.912189016950572E-4,3.804837877421675E-4,7.046252865826725E-4,7.024511849242356E-4,9.11208904996117E-4,5.491373314017645E-4,6.379736690867486E-4,0.001034770397119537,7.159131289061684E-4,7.888399900357054E-4
Percentage of cicuits per modulation and bandwidth,2,32QAM,100.0, ,0.00111013944817691,0.0012456934968544937,9.254779883473908E-4,0.0015633500055456673,0.0015997929070670463,0.0014120674236045374,0.0014235776087059679,0.0013304190820108335,8.41328567546665E-4,8.407373578012123E-4
Percentage of cicuits per modulation and bandwidth,2,32QAM,200.0, ,5.655427377505014E-4,6.20240695086547E-4,7.361756725490609E-4,6.232273670756376E-4,7.403572353093451E-4,7.478727465757365E-4,6.010661014536309E-4,6.282534553940047E-4,5.904976902656717E-4,5.08594204101968E-4
Percentage of cicuits per modulation and bandwidth,2,32QAM,400.0, ,4.3986657380594554E-4,3.856958944235671E-4,3.4705424563027156E-4,3.644295621035508E-4,4.5042712917421694E-4,3.504019162277926E-4,4.587083405830341E-4,4.857085537499868E-4,2.926360234944922E-4,3.113842065930416E-4
Percentage of cicuits per modulation and bandwidth,2,32QAM,10.0, ,3.770284918336676E-4,1.1987845367218976E-4,1.9456071345939465E-4,3.591479742469776E-4,2.6922081283976184E-4,1.2551710432040332E-4,3.163505797124373E-4,1.0030937523097554E-4,1.4109236847055872E-4,2.491073652744333E-4
Percentage of cicuits per modulation and bandwidth,2,32QAM,40.0, ,7.854760246534742E-4,5.576954149097524E-4,6.047157310224428E-4,6.126641913624912E-4,6.937613253947709E-4,4.3407998577472815E-4,7.0651629469111E-4,5.649001657744412E-4,4.180514621349888E-4,6.954247280577929E-4
Percentage of cicuits per modulation and bandwidth,2,32QAM,80.0, ,8.692601339498448E-4,8.912702425193238E-4,9.149611930252613E-4,0.0011038518620237988,0.0010820605746828889,9.30918523709658E-4,0.0012179497318928836,8.447105282608466E-4,6.793336259693568E-4,7.836502532591547E-4
Percentage of cicuits per modulation and bandwidth,2,32QAM,160.0, ,6.912189016950572E-4,6.358770151307457E-4,6.362661169888312E-4,6.179457792190644E-4,7.300025886616619E-4,7.164934704956356E-4,5.588860241586393E-4,6.493712186005259E-4,5.22564327668736E-4,5.760607821971269E-4
Percentage of cicuits per modulation and bandwidth,2,64QAM,100.0, ,0.0,0.0,0.0,0.0,0.0,0.0,0.0,0.0,0.0,0.0
Percentage of cicuits per modulation and bandwidth,2,64QAM,200.0, ,0.0,0.0,0.0,0.0,0.0,0.0,0.0,0.0,0.0,0.0
Percentage of cicuits per modulation and bandwidth,2,64QAM,400.0, ,0.0,0.0,0.0,0.0,0.0,0.0,0.0,0.0,0.0,0.0
Percentage of cicuits per modulation and bandwidth,2,64QAM,10.0, ,0.0,0.0,0.0,0.0,0.0,0.0,0.0,0.0,0.0,0.0
Percentage of cicuits per modulation and bandwidth,2,64QAM,40.0, ,0.0,0.0,0.0,0.0,0.0,0.0,0.0,0.0,0.0,0.0
Percentage of cicuits per modulation and bandwidth,2,64QAM,80.0, ,0.0,0.0,0.0,0.0,0.0,0.0,0.0,0.0,0.0,0.0
Percentage of cicuits per modulation and bandwidth,2,64QAM,160.0, ,0.0,0.0,0.0,0.0,0.0,0.0,0.0,0.0,0.0,0.0
Percentage of cicuits per modulation and bandwidth,3,BPSK,100.0, ,0.005158448845382284,0.005465533675393945,0.005175983436853002,0.005910555287790772,0.004999091074350118,0.005306224899598393,0.005422949557961254,0.005249738264480611,0.005269474363629029,0.005412957927696553
Percentage of cicuits per modulation and bandwidth,3,BPSK,200.0, ,0.005988023952095809,0.006393356182441339,0.006241478563853962,0.0065092209735927555,0.005938314245894686,0.006244979919678715,0.006096387738361672,0.005770704657138993,0.0058090281979910445,0.0060763845260771885
Percentage of cicuits per modulation and bandwidth,3,BPSK,400.0, ,0.005113199294107,0.005572005110628891,0.005302226935312832,0.005027777073133609,0.005256620008483306,0.005100401606425703,0.005443203337822921,0.00501931082157402,0.005158538061236839,0.005367724295988782
Percentage of cicuits per modulation and bandwidth,3,BPSK,10.0, ,2.061368446985123E-4,3.4476464742744733E-4,2.423875170428723E-4,4.667562974049365E-4,3.7366943384031185E-4,1.4056224899598393E-4,1.6709368385875014E-4,4.0074337896798564E-4,2.722981967808302E-4,1.909864449883649E-4
Percentage of cicuits per modulation and bandwidth,3,BPSK,40.0, ,0.002664695797322232,0.003047111075057292,0.002949048124021613,0.0030542096851931713,0.002444000080793391,0.0029216867469879517,0.002724133391394169,0.0030506589723937904,0.002712896849409012,0.002874848592982756
Percentage of cicuits per modulation and bandwidth,3,BPSK,80.0, ,0.004992533824039578,0.005536514632217242,0.005191132656668182,0.00585474746962279,0.005327314225696338,0.005557228915662651,0.005402695778099588,0.005089440912893417,0.004785388680463108,0.005337568541516935
Percentage of cicuits per modulation and bandwidth,3,BPSK,160.0, ,0.006505879927801827,0.00734145896286682,0.0067363530778164924,0.007361558560158291,0.0070845704821345615,0.006857429718875502,0.0069875540522750055,0.0067024330132395595,0.0068578805115172056,0.006553850638548101
Percentage of cicuits per modulation and bandwidth,3,QPSK,100.0, ,0.013439116728759106,0.014637287310632947,0.013694894712922285,0.013683062327186017,0.013578339291845928,0.013529116465863454,0.014015615664273345,0.013570172670303414,0.01417967646940175,0.01445968426925068
Percentage of cicuits per modulation and bandwidth,3,QPSK,200.0, ,0.013393867177483823,0.013760165487030766,0.014007978589102662,0.013951954541995383,0.014532711224221858,0.013433734939759035,0.013838395090483761,0.013550135501355014,0.013655250312638671,0.013962114320465202
Percentage of cicuits per modulation and bandwidth,3,QPSK,400.0, ,0.009210797548479867,0.009846072725060334,0.009912639499065798,0.010050480708251947,0.009876992062049325,0.009477911646586346,0.009737004668496259,0.009973500844065742,0.009767437169712373,0.01012730754346198
Percentage of cicuits per modulation and bandwidth,3,QPSK,10.0, ,0.004690870148871024,0.005379342513537082,0.0038479018330555975,0.004408817635270541,0.003368074491506595,0.005110441767068273,0.0045672273588058376,0.00472877187182223,0.004301302997297188,0.004452999743676087
Percentage of cicuits per modulation and bandwidth,3,QPSK,40.0, ,0.01971874890018452,0.02132470745705652,0.019441498762813716,0.020359706755282717,0.018607727887858774,0.017971887550200804,0.0176764863742696,0.01977668575207009,0.019696236233813384,0.019842486442475386
Percentage of cicuits per modulation and bandwidth,3,QPSK,80.0, ,0.018059598686757466,0.018505749457502687,0.018588092713225268,0.0184876081276477,0.018562281605364682,0.018348393574297187,0.018658794697560432,0.018203767989620746,0.020316471015369722,0.020113888232722008
Percentage of cicuits per modulation and bandwidth,3,QPSK,160.0, ,0.015420041529032615,0.016923888134012046,0.016588395697621574,0.01679307983054717,0.016582843523399785,0.016305220883534137,0.015686552502860846,0.016205060387017918,0.016095848965266852,0.017173702171716917
Percentage of cicuits per modulation and bandwidth,3,8QAM,100.0, ,0.02216222466904981,0.02166440203613945,0.02361763369186487,0.022023794424291622,0.020849744490900643,0.021460843373493976,0.0225373935410696,0.020658321185799657,0.020760216224938483,0.020646639895057974
Percentage of cicuits per modulation and bandwidth,3,8QAM,200.0, ,0.012976565760167322,0.012350686487253848,0.012649598545674897,0.012643007534055452,0.012755256620008483,0.012073293172690763,0.012678866193403344,0.012197626597338062,0.012177780467142685,0.01293179270934376
Percentage of cicuits per modulation and bandwidth,3,8QAM,400.0, ,0.00878846840324389,0.0085278549554848,0.0083573195980407,0.008376246163212501,0.007953099436466098,0.00823293172690763,0.00834962074797209,0.0083504901592454,0.0076596474242607605,0.008659727492498756
Percentage of cicuits per modulation and bandwidth,3,8QAM,10.0, ,0.015626178373731127,0.01685797724553327,0.01854264505377973,0.018685472210243272,0.01486093437556808,0.016069277108433734,0.015230842455973346,0.015709140455545036,0.012883738755092985,0.01625395166032558
Percentage of cicuits per modulation and bandwidth,3,8QAM,40.0, ,0.02677265117120922,0.027383439128759457,0.02818764833611069,0.02810684660460161,0.024995455371750592,0.025963855421686746,0.02696284444084377,0.026524202395443546,0.025238008794223245,0.025818351786979752
Percentage of cicuits per modulation and bandwidth,3,8QAM,80.0, ,0.023117492973750233,0.02262264495325397,0.02363783265161844,0.024063316506430583,0.02252620735623826,0.02248995983935743,0.023155133826850437,0.02196073716744561,0.021259429585703336,0.022727386953615425
Percentage of cicuits per modulation and bandwidth,3,8QAM,160.0, ,0.019019894719377366,0.01871362225962806,0.018709286471746706,0.01873113315238071,0.01790583530267224,0.018619477911646587,0.01814738675605335,0.018038461345796453,0.01861208600588971,0.018952891685555896
Percentage of cicuits per modulation and bandwidth,3,16QAM,100.0, ,2.2122002845694004E-4,1.926625970918088E-4,2.373377771044791E-4,1.6235001648867356E-4,2.928760427397039E-4,2.0582329317269077E-4,2.582356932362502E-4,2.4044602738079135E-4,2.521279599822502E-4,2.2114219946021198E-4
Percentage of cicuits per modulation and bandwidth,3,16QAM,200.0, ,3.4188549852436187E-4,3.0420410067127706E-4,3.080341362419835E-4,3.348469090078892E-4,3.130743905148559E-4,3.0120481927710846E-4,3.4431425764833363E-4,2.254181506694919E-4,4.2861753196982535E-4,2.512979539320591E-4
Percentage of cicuits per modulation and bandwidth,3,16QAM,400.0, ,3.87135049799645E-4,4.10675535906224E-4,4.09028935009847E-4,1.8264376854975774E-4,2.979256296834919E-4,4.0160642570281126E-4,4.0507559723333366E-4,2.955482419888894E-4,4.7904312396627536E-4,2.6637583116798265E-4
Percentage of cicuits per modulation and bandwidth,3,16QAM,10.0, ,5.02772791947591E-6,1.0140136689042568E-5,0.0,1.0146876030542098E-5,1.0099173887575996E-5,0.0,0.0,0.0,0.0,0.0
Percentage of cicuits per modulation and bandwidth,3,16QAM,40.0, ,2.1619230053746412E-4,8.619116185686183E-5,2.3228803716608595E-4,1.7249689251921563E-4,3.029752166272799E-4,2.3092369477911647E-4,2.1266468854750018E-4,2.3543673514369155E-4,3.126386703779902E-4,1.7088260867380019E-4
Percentage of cicuits per modulation and bandwidth,3,16QAM,80.0, ,0.0016490947575880984,4.309558092843092E-4,0.001994647275665303,8.675579006113493E-4,0.002736876123533095,0.0021536144578313252,7.898974146050006E-4,0.0015729177624493435,0.0018203638710718464,0.0016535405368729489
Percentage of cicuits per modulation and bandwidth,3,16QAM,160.0, ,7.189650924850551E-4,3.6504492080553243E-4,0.001055395647124173,5.22564115572918E-4,8.028843240622917E-4,8.734939759036145E-4,0.0010278793279795842,6.96291620956875E-4,6.807454919520755E-4,0.0012564897696602955
Percentage of cicuits per modulation and bandwidth,3,32QAM,100.0, ,0.0012016269727547423,0.0012877973595084061,8.635055294652325E-4,0.0015271048425965857,0.0012169504534529074,5.02008032128514E-4,0.001078513777633751,7.213380821423741E-4,0.001159788615918351,7.941015344253067E-4
Percentage of cicuits per modulation and bandwidth,3,32QAM,200.0, ,6.988541808071514E-4,7.757204567117564E-4,5.403221734080695E-4,8.168235204586388E-4,8.382314326688077E-4,6.174698795180722E-4,8.861028689479174E-4,0.0011471279222958588,8.421073863407156E-4,8.594390024476421E-4
Percentage of cicuits per modulation and bandwidth,3,32QAM,400.0, ,4.223291452359764E-4,3.3462451073840475E-4,3.6358127556430843E-4,3.4499378503843127E-4,3.029752166272799E-4,3.8152610441767067E-4,3.2912392275208363E-4,2.454553196178912E-4,5.597240711605955E-4,4.071026853699357E-4
Percentage of cicuits per modulation and bandwidth,3,32QAM,10.0, ,3.5194095436331366E-5,3.0420410067127705E-5,1.5149219815179519E-5,1.0146876030542098E-5,3.029752166272799E-5,1.0040160642570281E-5,4.0507559723333366E-5,2.0037168948399282E-5,1.0085118399290007E-5,2.512979539320591E-5
Percentage of cicuits per modulation and bandwidth,3,32QAM,40.0, ,3.3183004268541003E-4,2.484333488815429E-4,2.92884916426804E-4,2.841125288551787E-4,2.827768688521279E-4,2.6606425702811244E-4,2.987432529595836E-4,2.3042744290659173E-4,3.126386703779902E-4,2.2114219946021198E-4
Percentage of cicuits per modulation and bandwidth,3,32QAM,80.0, ,7.84325555438242E-4,7.554401833336713E-4,5.85769832853608E-4,9.284391567946019E-4,7.624876285119877E-4,4.5682730923694777E-4,8.30404974328334E-4,4.257898401534847E-4,7.110008471499455E-4,5.980891303583007E-4
Percentage of cicuits per modulation and bandwidth,3,32QAM,160.0, ,4.5752324067230776E-4,5.779877912754264E-4,4.443771145785992E-4,5.174906775576469E-4,7.069421721303198E-4,5.220883534136547E-4,6.835650703312506E-4,6.662358675342761E-4,5.496389527613054E-4,6.08141048515583E-4
Percentage of cicuits per modulation and bandwidth,3,64QAM,100.0, ,0.0,0.0,0.0,0.0,0.0,0.0,0.0,0.0,0.0,0.0
Percentage of cicuits per modulation and bandwidth,3,64QAM,200.0, ,0.0,0.0,0.0,0.0,0.0,0.0,0.0,0.0,0.0,0.0
Percentage of cicuits per modulation and bandwidth,3,64QAM,400.0, ,0.0,0.0,0.0,0.0,0.0,0.0,0.0,0.0,0.0,0.0
Percentage of cicuits per modulation and bandwidth,3,64QAM,10.0, ,0.0,0.0,0.0,0.0,0.0,0.0,0.0,0.0,0.0,0.0
Percentage of cicuits per modulation and bandwidth,3,64QAM,40.0, ,0.0,0.0,0.0,0.0,0.0,0.0,0.0,0.0,0.0,0.0
Percentage of cicuits per modulation and bandwidth,3,64QAM,80.0, ,0.0,0.0,0.0,0.0,0.0,0.0,0.0,0.0,0.0,0.0
Percentage of cicuits per modulation and bandwidth,3,64QAM,160.0, ,0.0,0.0,0.0,0.0,0.0,0.0,0.0,0.0,0.0,0.0
Percentage of cicuits per modulation and bandwidth,4,BPSK,100.0, ,0.003309040378290296,0.0029799747659467924,0.003397628203837558,0.0032050484489854827,0.003726628363837391,0.003466143475198712,0.003128154388910543,0.0030520235811072782,0.0035990588610623703,0.0033805113520554006
Percentage of cicuits per modulation and bandwidth,4,BPSK,200.0, ,0.004168791050595327,0.004099306309004237,0.004379165240501742,0.003986403428008341,0.004407786925704357,0.003974242881577624,0.00401263254679739,0.004105816739404905,0.004446482692614452,0.004131183725820644
Percentage of cicuits per modulation and bandwidth,4,BPSK,400.0, ,0.003753911365703946,0.0035789153284599864,0.003785209495238287,0.003657935729820388,0.0036032300736440997,0.003843445014588993,0.00379775932200002,0.003628627384704093,0.003594074014994417,0.0037782185699442713
Percentage of cicuits per modulation and bandwidth,4,BPSK,10.0, ,1.4995651261134271E-5,1.9637395492235866E-5,1.0067046529889061E-5,1.4930349917634237E-5,4.442338446958479E-5,1.5092061575611228E-5,4.99705173947371E-6,4.970722444800127E-6,9.969692135906843E-6,1.9885360894443534E-5
Percentage of cicuits per modulation and bandwidth,4,BPSK,40.0, ,0.0015445520798968299,0.001148787636295798,0.0014295206072442467,0.0013188475760576909,0.0015893699776895892,0.0017305563940034209,0.0017039946431605354,0.0012277684438656315,0.0015054235125219334,0.0017151123771457547
Percentage of cicuits per modulation and bandwidth,4,BPSK,80.0, ,0.003054114306851013,0.0029701560682006745,0.0031157509010006643,0.0029313253671621885,0.0032034196134178364,0.003144179494919006,0.002933269371071068,0.002549980614182465,0.0030307864093156805,0.0029181767112595883
Percentage of cicuits per modulation and bandwidth,4,BPSK,160.0, ,0.004728628697677674,0.003947116493939409,0.004615740833954134,0.004120776577267049,0.00471381468538372,0.004135224871717477,0.004337440909863181,0.004478620922764915,0.004526240229701706,0.0038130179515095475
Percentage of cicuits per modulation and bandwidth,4,QPSK,100.0, ,0.010926831218946505,0.011900261668294934,0.011456298951013752,0.010849387606814212,0.011826492132125017,0.011641010161988128,0.010418852876802687,0.011591724741273898,0.011355479342797894,0.011966015918231395
Percentage of cicuits per modulation and bandwidth,4,QPSK,200.0, ,0.013371122374511392,0.013078505397829086,0.01265427748807055,0.01171037111873112,0.013188809255858951,0.013381627930375289,0.013142246074815858,0.013724164670093152,0.013429175307066518,0.014377115926682674
Percentage of cicuits per modulation and bandwidth,4,QPSK,400.0, ,0.010117066050845254,0.009435768534019333,0.010026778343769504,0.009411097231415448,0.009467116823629293,0.01044370661032297,0.009564357029352683,0.009469226257344242,0.010408358589886745,0.010196218798625922
Percentage of cicuits per modulation and bandwidth,4,QPSK,10.0, ,0.0034090113866978577,0.002901425183977849,0.0030503150985563853,0.0020603882886335244,0.0018016150368220499,0.004653385652480128,0.0014941184701026396,0.002500273389734464,9.82014675386824E-4,0.0031717150626637434
Percentage of cicuits per modulation and bandwidth,4,QPSK,40.0, ,0.017809835147807138,0.017732568129488986,0.017828739404433528,0.014547137603081624,0.013484965152322849,0.01733071737599356,0.016060524290668506,0.01686069053276203,0.018244536608709522,0.016365652016127028
Percentage of cicuits per modulation and bandwidth,4,QPSK,80.0, ,0.016660168551120177,0.018208774970175704,0.016182777296796666,0.016463199175844684,0.01576536555509487,0.017124459201126874,0.013916789094434284,0.014937020946624382,0.0147152655925985,0.016972155523407556
Percentage of cicuits per modulation and bandwidth,4,QPSK,160.0, ,0.01481570344600066,0.014978423411702906,0.014989832283004812,0.014437648370352307,0.015464273727023239,0.015268135627326693,0.014091685905315864,0.014976786726182783,0.015742143882596905,0.015838689952424274
Percentage of cicuits per modulation and bandwidth,4,8QAM,100.0, ,0.021613732017714864,0.019509752421536332,0.02103006020093825,0.021698775213628424,0.018193843906098836,0.019841030284736896,0.02087768216752116,0.0195697342651781,0.01946582389535811,0.019288800067610228
Percentage of cicuits per modulation and bandwidth,4,8QAM,200.0, ,0.01248637895010447,0.011644975526895867,0.012483137697062436,0.012705727779906735,0.011446425398329681,0.011988127578227186,0.012167820985618485,0.012203123601984313,0.011734327643962355,0.01188150313443001
Percentage of cicuits per modulation and bandwidth,4,8QAM,400.0, ,0.0092623139289606,0.008218250013500709,0.00863249239937987,0.00916723484942742,0.00838121186992833,0.008698058154743938,0.00852497026754215,0.008509876825497817,0.008359586855957888,0.008446307039914891
Percentage of cicuits per modulation and bandwidth,4,8QAM,10.0, ,0.011636625378640195,0.01234210306687024,0.01120965631103147,0.011615812235919436,0.012399060198621888,0.013205553878659826,0.010743661239868477,0.012739961626022726,0.011878888179933003,0.011528537978553638
Percentage of cicuits per modulation and bandwidth,4,8QAM,40.0, ,0.023258255106019254,0.02274010398000913,0.021523345480902813,0.02154947171445208,0.02162925230508006,0.02273367542006238,0.022596667965900118,0.022447782560717375,0.02215764077205296,0.02098899842408515
Percentage of cicuits per modulation and bandwidth,4,8QAM,80.0, ,0.020718991492467184,0.019303559768867856,0.020657579479332354,0.021131421916758323,0.019496929850539992,0.02088741322064594,0.020817717546647477,0.019669148714074103,0.02007397511564843,0.0196865072854991
Percentage of cicuits per modulation and bandwidth,4,8QAM,160.0, ,0.019004488698277498,0.01752637547682051,0.017969678055851975,0.018707728446795698,0.016703192560563882,0.017758325787302544,0.01797939215862641,0.01750191372814125,0.018289400223321105,0.01806585037260195
Percentage of cicuits per modulation and bandwidth,4,16QAM,100.0, ,2.499275210189045E-4,2.601954902721252E-4,1.5603922121328046E-4,1.9907133223512314E-4,1.8756540109380246E-4,2.9681054432035414E-4,1.9988206957894842E-4,2.0877034268160534E-4,2.093635348540437E-4,2.1376762961526798E-4
Percentage of cicuits per modulation and bandwidth,4,16QAM,200.0, ,4.4487098741365E-4,3.632918166063635E-4,2.5167616324722655E-4,3.533516147173436E-4,1.9743726430926573E-4,4.0245497534963277E-4,2.9982310436842266E-4,3.0321406913280777E-4,2.492423033976711E-4,3.5793649609998357E-4
Percentage of cicuits per modulation and bandwidth,4,16QAM,400.0, ,4.848593907766748E-4,2.601954902721252E-4,4.0771538446050695E-4,3.6330518132909976E-4,3.2577148611028845E-4,3.521481034309287E-4,3.6478477698158085E-4,4.423942975872113E-4,3.0906045621311215E-4,4.3250659945414684E-4
Percentage of cicuits per modulation and bandwidth,4,16QAM,10.0, ,0.0,0.0,5.0335232649445305E-6,0.0,0.0,0.0,0.0,0.0,0.0,0.0
Percentage of cicuits per modulation and bandwidth,4,16QAM,40.0, ,1.2996231092983034E-4,1.767365594301228E-4,9.060341876900154E-5,1.2939636595283004E-4,1.8756540109380246E-4,2.3141161082603884E-4,2.548496387131592E-4,1.4415095089920368E-4,1.5453022810655608E-4,1.6405422737915916E-4
Percentage of cicuits per modulation and bandwidth,4,16QAM,80.0, ,0.0014095912185466215,8.149519129277883E-4,0.0015603922121328045,6.818193129052968E-4,0.0011796876542478627,0.001956937317637589,0.0010293926583315844,0.0014763045661056377,0.001620074972084862,0.0012080356743374447
Percentage of cicuits per modulation and bandwidth,4,16QAM,160.0, ,0.0015595477311579641,0.0013942550799487465,0.0013439507117401896,6.021907800112475E-4,5.133368872040909E-4,0.0011268739309789717,5.69663898300003E-4,7.804034238336199E-4,0.0011614691338331473,0.0013024911385860515
Percentage of cicuits per modulation and bandwidth,4,32QAM,100.0, ,5.048535924581871E-4,0.0013942550799487465,7.852296293313467E-4,7.813549790228584E-4,0.001011865979584987,4.879766576114297E-4,0.0011293336931210585,9.692908767360249E-4,7.676662944648269E-4,0.001441688664847156
Percentage of cicuits per modulation and bandwidth,4,32QAM,200.0, ,0.0011896550000499856,8.885921460236729E-4,8.758330481003484E-4,5.374925970348325E-4,7.848131256293312E-4,0.001252641110775732,8.245135370131623E-4,5.119844118144131E-4,9.22196522571383E-4,4.772486614666448E-4
Percentage of cicuits per modulation and bandwidth,4,32QAM,400.0, ,4.048825840506253E-4,3.1419832787577386E-4,3.32212535486339E-4,3.284676981879532E-4,6.071195877509921E-4,3.3705604185531746E-4,5.596697948210556E-4,3.578920160256092E-4,6.62984527037805E-4,2.684523720749877E-4
Percentage of cicuits per modulation and bandwidth,4,32QAM,10.0, ,4.99855042037809E-6,9.818697746117933E-6,0.0,9.953566611756157E-6,9.871863215463286E-6,0.0,0.0,4.970722444800127E-6,0.0,4.971340223610884E-6
Percentage of cicuits per modulation and bandwidth,4,32QAM,40.0, ,7.497825630567136E-5,1.2273372182647417E-4,1.2080455835866874E-4,4.9767833058780785E-5,1.6782167466287588E-4,9.055236945366738E-5,9.994103478947421E-5,8.450228156160216E-5,1.0468176742702186E-4,1.8393958827360267E-4
Percentage of cicuits per modulation and bandwidth,4,32QAM,80.0, ,2.099391176558798E-4,7.413116798319039E-4,2.869108261018382E-4,4.3795693091727093E-4,5.725680664968706E-4,4.3766978569272563E-4,5.596697948210556E-4,5.119844118144131E-4,5.234088371351092E-4,7.606150542124651E-4
Percentage of cicuits per modulation and bandwidth,4,32QAM,160.0, ,5.348448949804557E-4,5.253003294173094E-4,4.4798357058006323E-4,2.587927319056601E-4,4.738494343422378E-4,6.238052117919307E-4,3.8977003567894944E-4,3.3303840380160854E-4,5.782421438825969E-4,4.424492799013686E-4
Percentage of cicuits per modulation and bandwidth,4,64QAM,100.0, ,0.0,0.0,0.0,0.0,0.0,0.0,0.0,0.0,0.0,0.0
Percentage of cicuits per modulation and bandwidth,4,64QAM,200.0, ,0.0,0.0,0.0,0.0,0.0,0.0,0.0,0.0,0.0,0.0
Percentage of cicuits per modulation and bandwidth,4,64QAM,400.0, ,0.0,0.0,0.0,0.0,0.0,0.0,0.0,0.0,0.0,0.0
Percentage of cicuits per modulation and bandwidth,4,64QAM,10.0, ,0.0,0.0,0.0,0.0,0.0,0.0,0.0,0.0,0.0,0.0
Percentage of cicuits per modulation and bandwidth,4,64QAM,40.0, ,0.0,0.0,0.0,0.0,0.0,0.0,0.0,0.0,0.0,0.0
Percentage of cicuits per modulation and bandwidth,4,64QAM,80.0, ,0.0,0.0,0.0,0.0,0.0,0.0,0.0,0.0,0.0,0.0
Percentage of cicuits per modulation and bandwidth,4,64QAM,160.0, ,0.0,0.0,0.0,0.0,0.0,0.0,0.0,0.0,0.0,0.0


