Metrics,LoadPoint,link, ,rep0,rep1,rep2,rep3,rep4,rep5,rep6,rep7,rep8,rep9
External Fragmentation (Vertical),0,all, ,0.218480110591838,0.2226004356462094,0.22636923691528116,0.22823928416204226,0.22469414346148142,0.2232578567977073,0.22981530209363235,0.223047767237783,0.22475073623341174,0.22473568707055344
External Fragmentation (Vertical),1,all, ,0.3634835044556491,0.3760720527232453,0.37043624630325195,0.37435352417462153,0.3733942122192106,0.36170916234266237,0.3797500913042465,0.35997225060711296,0.374293777619069,0.3859089296876775
External Fragmentation (Vertical),2,all, ,0.49089300032101285,0.4805438931087208,0.48881313687404315,0.4973564176649297,0.4826107860964338,0.4929104000266695,0.47642598199303865,0.5042201941244093,0.48833247132461227,0.4701267868131736
External Fragmentation (Vertical),3,all, ,0.5289590003187526,0.5351691326720727,0.5307942661763975,0.5389882137129847,0.5357551993084831,0.5416092437578904,0.5365702429142917,0.5283668296654751,0.5303287091959566,0.5348903620385445
External Fragmentation (Vertical),4,all, ,0.5687640865695156,0.5438892088694715,0.5615040213800788,0.5562754455775205,0.5588446006107803,0.5638177952267316,0.5529617432107244,0.5491421966921943,0.5689627483162686,0.5533475578946186


External Fragmentation (Horizontal),0,all, ,0.28768056896629046,0.2919596595957415,0.2930808366278525,0.2960729972622577,0.28789583544594044,0.2859953350453402,0.29145005961242454,0.2848365928038749,0.290067989140795,0.2939597017339531
External Fragmentation (Horizontal),1,all, ,0.6162360353450365,0.6246615682609794,0.6272724534183093,0.6310157484911346,0.6399124441752244,0.6098676530838618,0.6401623397806226,0.6143275196300458,0.6246854588472323,0.6471439371214834
External Fragmentation (Horizontal),2,all, ,0.9168549815199826,0.9133605374662133,0.9110336693382747,0.9312469532738701,0.9166909384727092,0.9272070179596842,0.8767698221796182,0.9350795274927058,0.9111678025184441,0.8819611892992075
External Fragmentation (Horizontal),3,all, ,1.0442533901288573,1.049185027377146,1.0405214927142235,1.0509132576485707,1.0530247988462753,1.061567954293547,1.0487569276547222,1.0391349222570354,1.0385936445253938,1.0536471645487993
External Fragmentation (Horizontal),4,all, ,1.1172028317984763,1.0850704834182128,1.0946193413630172,1.102893062075767,1.1194243675914637,1.1068185703857396,1.0956667161340092,1.0815474870924202,1.110919446589503,1.1028203350969894


External Fragmentation Per Link,0,<4-10>, ,0.19518107974203705,0.2093031053758218,0.203401806433174,0.21709704412666908,0.20332671581070716,0.20814739538183263,0.20544768883021858,0.2235471432811245,0.21864159513885484,0.2102149570570606
External Fragmentation Per Link,0,<6-15>, ,0.2020248266359754,0.20173250447852942,0.21266265361054548,0.2290698598999767,0.2066522292811041,0.21076335136536836,0.22165120689742565,0.21714975659194408,0.21687765750809035,0.21403618278291017
External Fragmentation Per Link,0,<4-13>, ,0.23279240557037212,0.23058086510504563,0.24520788919791411,0.25332639816297137,0.2362641220083955,0.2460907700214415,0.25187110719959727,0.224938768196215,0.23625074616098002,0.23510024930054546
External Fragmentation Per Link,0,<12-11>, ,0.19251401384394154,0.1998163310111791,0.20126130666595332,0.19948994718603882,0.19599134703842486,0.20276969621193972,0.19345076925359622,0.1887651987679134,0.19030051199792822,0.19048012016169819
External Fragmentation Per Link,0,<4-16>, ,0.17342625710036128,0.1842271237968389,0.18662230175174588,0.18399161187538882,0.1904258424446722,0.1937659563711797,0.19890716812106485,0.18621892031028875,0.17641759504067722,0.18335914499074338
External Fragmentation Per Link,0,<12-13>, ,0.2683768432622365,0.2667498291174946,0.2742679521817452,0.27384782016703796,0.27848618846938067,0.2752838241865019,0.26869049486522684,0.2691167678000448,0.27471107252905114,0.283072156427639
External Fragmentation Per Link,0,<10-4>, ,0.2134118047644507,0.2266870486092897,0.22302106923889808,0.2300122622041963,0.23134378741552492,0.22226914473854584,0.23366055147233472,0.2405634985642787,0.22763380949285067,0.2271606446686292
External Fragmentation Per Link,0,<1-3>, ,0.2075796822907114,0.22797687880927672,0.21475422489288404,0.21230987469025608,0.21354214848100614,0.2030962502054968,0.21194937750865137,0.21504484277118963,0.21737723280040638,0.203653852834477
External Fragmentation Per Link,0,<3-1>, ,0.2491746524791982,0.23713556977186714,0.2555723588582785,0.251891261469646,0.23799539415504473,0.22860603216386244,0.23628135021090285,0.2509337631934394,0.24551222273318682,0.24801580942192983
External Fragmentation Per Link,0,<1-4>, ,0.20572264458056994,0.20915448703407014,0.21564390567543268,0.21739096389766036,0.21136919587287156,0.21420080461516675,0.22963950608008488,0.20076475065586713,0.2094971172249631,0.2147863576695162
External Fragmentation Per Link,0,<4-1>, ,0.2204703147311418,0.23706835855017672,0.23045110347017603,0.22034886833706588,0.22642731438510527,0.21209352335824116,0.22885209889602182,0.23538129897867935,0.23624213593924234,0.21615273901098053
External Fragmentation Per Link,0,<1-5>, ,0.22530975372895098,0.21720653053584021,0.26061438233223133,0.22854113365002957,0.23445765417872477,0.23078948925471596,0.22050399471253795,0.2375358118006136,0.23409438636809213,0.25120188272422544
External Fragmentation Per Link,0,<2-4>, ,0.2976893985997976,0.30175545750120786,0.3093440822973938,0.3291940515705534,0.30638525067510025,0.3097131929998431,0.32444450201193525,0.3059127192253013,0.30925094481554577,0.30801952754805173
External Fragmentation Per Link,0,<4-2>, ,0.29416152418807145,0.2962431197566453,0.3023797580461542,0.29722897943090293,0.3011754355500938,0.3021634797132917,0.30194829916144067,0.30779589328170925,0.31491220559575,0.3048223455195949
External Fragmentation Per Link,0,<5-1>, ,0.24917832400411832,0.26339390675896707,0.25016686222263806,0.2614174669470743,0.2355144961037038,0.24840754377630778,0.25382908546636845,0.24568790744790275,0.24501773614487835,0.24732701289733036
External Fragmentation Per Link,0,<1-6>, ,0.19933000079851715,0.20813989830917026,0.20090204903233846,0.20314709169065084,0.20183633569955306,0.19097257177893795,0.2024141333902613,0.20967055068800972,0.21386682664067783,0.20533320798167096
External Fragmentation Per Link,0,<2-5>, ,0.31348094542363386,0.325046883823886,0.31826793757017136,0.32050860626701133,0.32005075009205447,0.31934863469036967,0.3249525900070975,0.32846655398767305,0.33747850445017485,0.33277761334043715
External Fragmentation Per Link,0,<5-2>, ,0.30308430559886795,0.30386780337123864,0.3222419429548583,0.32631753863710367,0.3041608459733461,0.3135337526777151,0.32433554217706434,0.300892756718556,0.30935453735653445,0.310497749337821
External Fragmentation Per Link,0,<6-1>, ,0.21206967190975584,0.20157953742672802,0.20808688976794304,0.20905727630279772,0.21875972819081088,0.2212295503557456,0.21791606501964186,0.20761335639953646,0.20243840673134766,0.1996267307337901
External Fragmentation Per Link,0,<14-17>, ,0.2777193594778456,0.2977049998583865,0.2941549056844946,0.2926423580055278,0.27939965632251723,0.2865766249879272,0.30857118382580945,0.28796996786428214,0.30420437131630756,0.29636924654884605
External Fragmentation Per Link,0,<15-6>, ,0.24137049471534286,0.22189171978316466,0.23462099878713502,0.24112967408440497,0.23897008750850648,0.22499457082559154,0.23092622366685883,0.22763919613765665,0.2173439318211029,0.22068053437872906
External Fragmentation Per Link,0,<16-5>, ,0.21915925429609798,0.2287583273286746,0.21081684488564914,0.21523397845826103,0.21049786241020466,0.20246636804629825,0.22291981442247244,0.20355305641347157,0.22015773894753898,0.2123571365412551
External Fragmentation Per Link,0,<1-7>, ,0.21521837492149856,0.21062953882574878,0.2138739813086148,0.2246805282658573,0.20667424461434536,0.23312753961514596,0.22354649576180557,0.20474458091525705,0.20835129619775786,0.20573443424167295
External Fragmentation Per Link,0,<7-1>, ,0.21693173372140373,0.2144470322188839,0.23431653329574567,0.2192916151551363,0.23965588710443403,0.2379699581322872,0.23439697982979985,0.22122653226271954,0.2308852824987438,0.24687438257548253
External Fragmentation Per Link,0,<16-4>, ,0.19088625444273843,0.2131023817647199,0.2149295828111095,0.20147804126607993,0.20913812397050088,0.20818696412822754,0.21152650372268192,0.21366539516127644,0.21027193619046064,0.2047490687082365
External Fragmentation Per Link,0,<14-5>, ,0.2237923768710002,0.24067741680058252,0.2367723051872832,0.23922477059109176,0.2287226570250343,0.22670820579708154,0.24053267107156248,0.2155720286870908,0.22721752764105546,0.22579080913887634
External Fragmentation Per Link,0,<11-7>, ,0.19560506515463644,0.20293317405330236,0.20494069036389057,0.20452741294156868,0.20405997080220967,0.19391214361834422,0.20889953339530448,0.19371107000403687,0.20246595350644117,0.21650706014769586
External Fragmentation Per Link,0,<3-8>, ,0.23011627009066574,0.25445563068581145,0.22819252778093047,0.23963141671280547,0.23001866624659995,0.22708410865912926,0.2336913888247031,0.2339352215721545,0.23966342570531293,0.23138813893543167
External Fragmentation Per Link,0,<8-3>, ,0.24731161914258995,0.2285115299259342,0.2501105254288601,0.23548646418335625,0.2445365019615332,0.23774330838666757,0.24117727949242487,0.2635920592529659,0.24410953547119787,0.24377910910594713
External Fragmentation Per Link,0,<10-7>, ,0.17859645090908352,0.1715988292923209,0.1771324254174918,0.18494105923176055,0.18877278428662894,0.1839269641066796,0.17681745322014367,0.17902538145399274,0.18227734828667846,0.18038963980672387
External Fragmentation Per Link,0,<13-4>, ,0.24839368447469592,0.24924823147820246,0.2540706704623214,0.2581104262304359,0.24964688365664248,0.24577672106364662,0.2512269641775223,0.2603342368890188,0.282557291245636,0.2581560251131424
External Fragmentation Per Link,0,<4-9>, ,0.16431433410894153,0.1663728396646874,0.15731436507441163,0.1809520156604581,0.18096506582330804,0.18175444249339112,0.1844503100891375,0.16359468464193075,0.17625007198897333,0.1737406046087341
External Fragmentation Per Link,0,<9-4>, ,0.17443650476016562,0.1904040344646935,0.21118303361151813,0.209226365950506,0.19094066332144785,0.19664769294664305,0.1927759765391649,0.18912285018846028,0.1970908975037624,0.19267594242876773
External Fragmentation Per Link,0,<5-9>, ,0.16075082235883212,0.17493087373585683,0.1651086415834287,0.17824959086239212,0.16972304734136662,0.17108645232939673,0.1809782617129431,0.1614534791523034,0.15824458966415295,0.1978225964499407
External Fragmentation Per Link,0,<9-5>, ,0.18860384522210072,0.1731203200343855,0.18488172162752184,0.20949755095296985,0.20237051129770908,0.1846849921213843,0.21776326841416585,0.17084017642334043,0.18533860892081616,0.19048984926473275
External Fragmentation Per Link,0,<7-8>, ,0.1653124064023582,0.16842157143618977,0.15720423319981017,0.15094254807079424,0.16691205733033135,0.1616596353592786,0.1631976332941637,0.1705090027163474,0.15804887356828398,0.153585531385508
External Fragmentation Per Link,0,<8-7>, ,0.1799858260930749,0.18057877320151466,0.18089928570798247,0.1957872101653242,0.18192229413208413,0.18299781192450043,0.18308213104774193,0.1736100211235442,0.17771769756954706,0.17286365383343233
External Fragmentation Per Link,0,<5-14>, ,0.21506963880859503,0.21369805313692458,0.23310230547172922,0.2151556005943626,0.22067240642733166,0.21540289166459278,0.22528002613554493,0.2251933557400856,0.221202135196249,0.22604750224978196
External Fragmentation Per Link,0,<15-17>, ,0.21603033145395095,0.2102960070385515,0.19871520130790776,0.2022408913154184,0.21962562095101065,0.22061141482213026,0.21064193788032126,0.2276667056035186,0.2077713236845777,0.21270784089999664
External Fragmentation Per Link,0,<5-16>, ,0.18992287100382363,0.19458312845678125,0.20155493580106268,0.19435545150388658,0.1934498132829524,0.18178771500279892,0.21612288283926104,0.19916735097056182,0.2091411917285946,0.1980025906629097
External Fragmentation Per Link,0,<13-12>, ,0.24046325648905048,0.26001805599553846,0.2662621240136411,0.27176897977967923,0.2635803415102588,0.26911562453086885,0.275118838021276,0.2552900001632151,0.2501455247564016,0.2594146429023573
External Fragmentation Per Link,0,<17-14>, ,0.2846165297464561,0.27760537616616365,0.3135095543339167,0.30822777277430335,0.2939250101537349,0.30129937303447735,0.3035288308972161,0.2861262016426145,0.28718607050809736,0.2992001032757305
External Fragmentation Per Link,0,<11-12>, ,0.1828061205929955,0.18421330961622576,0.19170519148121345,0.20012997498101945,0.191807700447224,0.19068706709012645,0.20741541262505458,0.18055877573857865,0.17869258198308072,0.18427819654856875
External Fragmentation Per Link,0,<17-15>, ,0.2219281450861852,0.23866029900188163,0.21766266074118387,0.2185778058910599,0.21940318134162606,0.21803373693604677,0.23113863083880345,0.22101644900809092,0.21665790507403704,0.22851732269962807
External Fragmentation Per Link,0,<7-10>, ,0.15471547912051456,0.14615553930880948,0.16120114234958524,0.15828525065241755,0.17489088252601687,0.15517694152098196,0.1630956077313629,0.1585493872737716,0.14706868431691006,0.14919191609718108
External Fragmentation Per Link,0,<7-11>, ,0.17104958850752108,0.17893780730842193,0.18387803418410517,0.18504426066003832,0.18148389560718803,0.1771971796844588,0.18193612554864125,0.17652986727790093,0.18259682677610745,0.17088944228715977
External Fragmentation Per Link,1,<4-10>, ,0.34516708878993824,0.3569281684028457,0.36185393392818155,0.35651738562049373,0.3509705395730338,0.368293904146216,0.37111471115422506,0.34503656304660446,0.361201945986974,0.36247268098942703
External Fragmentation Per Link,1,<6-15>, ,0.34154300610672866,0.3503002526745432,0.34321384715937886,0.32825575041942107,0.3303889290492725,0.32870916899157565,0.33368635564907156,0.3390277827281244,0.33846351002958286,0.3571309946885002
External Fragmentation Per Link,1,<4-13>, ,0.4145177011458982,0.4100736266100593,0.42638544297181397,0.4109241810138986,0.4181326217739413,0.44282082732638595,0.4472183603420572,0.43378362149415484,0.43337656472514535,0.4866852893790263
External Fragmentation Per Link,1,<12-11>, ,0.29442225159827573,0.32111826950365946,0.2924592763820794,0.30757066386995063,0.27265614595601323,0.3076820343307071,0.308258852528552,0.29405388271478805,0.30321040606402994,0.30377551490586424
External Fragmentation Per Link,1,<4-16>, ,0.27683543699486485,0.29403504127268304,0.29007965961333393,0.2802433156674395,0.29151442697977126,0.2874936950141703,0.29255655856704793,0.2845513699166161,0.2963390262443492,0.344825092375163
External Fragmentation Per Link,1,<12-13>, ,0.4383384057177047,0.44112048879707166,0.42672505058182675,0.45651234686159,0.47889794832198024,0.388326956131616,0.4232401483001184,0.3960810159622056,0.4573515785257717,0.4559957306070146
External Fragmentation Per Link,1,<10-4>, ,0.3726214622537132,0.3931923663602169,0.414448740935042,0.3661133299790958,0.3470950408143734,0.36591177491126725,0.353324990057041,0.3435849057437397,0.36632055652583967,0.3915399644636827
External Fragmentation Per Link,1,<1-3>, ,0.34708429732592916,0.3752215103875321,0.35025559843483384,0.3796328512466372,0.3792704928345243,0.38430345312284053,0.40752994308731305,0.35411537403389526,0.3702646433313184,0.37159059597013405
External Fragmentation Per Link,1,<3-1>, ,0.38472304115077754,0.41519543866900976,0.3716372114883585,0.39877010178329575,0.40971945042386443,0.36052748058496575,0.3797665065461664,0.39543157715994426,0.3931666076458939,0.4046012882041602
External Fragmentation Per Link,1,<1-4>, ,0.335497949923318,0.3688887973838261,0.3390601488793357,0.35860421917853424,0.3394575330689478,0.3324779274121131,0.36543650959189905,0.32613488961364395,0.3597119018873623,0.3653475023997837
External Fragmentation Per Link,1,<4-1>, ,0.3776049197320804,0.3919470116313259,0.4039111011738081,0.37894329800474574,0.3808237179472788,0.3309122157500649,0.39649657570633945,0.3572456129236461,0.3810142440169211,0.3886450500738739
External Fragmentation Per Link,1,<1-5>, ,0.40236004928129837,0.4197306445614443,0.3818060093618314,0.4245799326678593,0.41155039627552603,0.3759462837915203,0.3602721830784379,0.394572925549223,0.40597504889032787,0.4006634622379679
External Fragmentation Per Link,1,<2-4>, ,0.5310278564121259,0.5234463995714643,0.5506396424664158,0.5474010522565984,0.5548653254324719,0.559855271163688,0.560408822823841,0.5353497620350725,0.5433276139335158,0.5855662153402823
External Fragmentation Per Link,1,<4-2>, ,0.5212191426000831,0.5292822519638457,0.5288093764426207,0.5258893615474737,0.5418202742617071,0.4989583960734374,0.5249951176283731,0.49133343184859857,0.5261405327647578,0.5204668185913462
External Fragmentation Per Link,1,<5-1>, ,0.4128961205344602,0.4227737607892762,0.40907815800169645,0.41955692577968173,0.4313306982887815,0.43194649620413855,0.4491912070666178,0.4393904284705339,0.4672004232219775,0.4458325950845197
External Fragmentation Per Link,1,<1-6>, ,0.37407000108031846,0.34885427533591296,0.37875990871470755,0.33575210753237433,0.3416850969554742,0.32033268768917483,0.37739698317754117,0.32744591783758625,0.35247898977047337,0.38067986292107114
External Fragmentation Per Link,1,<2-5>, ,0.554105337504023,0.5763771811215551,0.5547762589884105,0.5583102551482301,0.5790856336080296,0.5305626627789102,0.5526610752558075,0.5236494320711712,0.5355739342855961,0.554789984437116
External Fragmentation Per Link,1,<5-2>, ,0.5275762366811764,0.5209217656588595,0.5426009836274359,0.5401619493486355,0.5486471485376346,0.5479199457229624,0.5543763047195991,0.5296217588519682,0.5371996284440177,0.5835677325922479
External Fragmentation Per Link,1,<6-1>, ,0.3329666777880005,0.35353806220576195,0.32433222463218553,0.34967842362870055,0.34724151570112793,0.3268682383660917,0.3649657790655705,0.34224975634441296,0.3478506980946825,0.3649726688112263
External Fragmentation Per Link,1,<14-17>, ,0.48536506401584567,0.4939139706776344,0.4801114183422586,0.47592207992562335,0.48228283089535284,0.4540139383594719,0.49107978593012586,0.45237044026703443,0.47116629841476354,0.46555867979621646
External Fragmentation Per Link,1,<15-6>, ,0.3433008460768636,0.3929279929997966,0.369594855070244,0.3760750451589342,0.3794333828518256,0.37270549426447747,0.40562849011971597,0.35358029902653076,0.386938191487194,0.3850417181425678
External Fragmentation Per Link,1,<16-5>, ,0.3490587396514306,0.34392385482866394,0.3208108883104933,0.34304059095663897,0.31203770518645213,0.3177563893294864,0.35177216286815927,0.2990395262067508,0.3607565475055309,0.32644232537700524
External Fragmentation Per Link,1,<1-7>, ,0.32911919680756685,0.33138919070235284,0.3250417156032003,0.3604854345563344,0.3593657500918678,0.33044930387536925,0.3930226234562759,0.36388379759343265,0.38415099867483365,0.38900912811624305
External Fragmentation Per Link,1,<7-1>, ,0.4036034858685649,0.3661064121453378,0.38915095804154964,0.39694749923432593,0.39842087598647724,0.36493589234302337,0.38593347606385553,0.3754474211906808,0.4041505616866281,0.38887724925657263
External Fragmentation Per Link,1,<16-4>, ,0.3314111108070666,0.33783867598731904,0.33277720487289464,0.32693817144099513,0.28823780934874355,0.3340824032129018,0.34143872341773995,0.29760842288756634,0.34803185083458893,0.3571365377419034
External Fragmentation Per Link,1,<14-5>, ,0.4027112794179369,0.39373197030349305,0.4252917694310801,0.4170159206331685,0.43939227406743886,0.4377699872436762,0.44985538737776165,0.3917535773736194,0.4362888373593122,0.46894510770222975
External Fragmentation Per Link,1,<11-7>, ,0.3493403397206917,0.3214254182430901,0.3470203244857468,0.354832587756807,0.37422833389191523,0.3420851411233385,0.3367325425489278,0.33690823911410767,0.35937550651855066,0.35152052195183037
External Fragmentation Per Link,1,<3-8>, ,0.36474517855577016,0.38882406547765863,0.3924848984738153,0.39075370380504726,0.40549451407045084,0.3903821340406843,0.3902369240660993,0.39841219206142314,0.37893161403891984,0.3846081878205585
External Fragmentation Per Link,1,<8-3>, ,0.3806767859929064,0.4010151564099002,0.3672447456283196,0.37309316261321535,0.38916852383331746,0.34349575588232006,0.41649306558379895,0.3634860596041873,0.374152727324256,0.40317868700460147
External Fragmentation Per Link,1,<10-7>, ,0.2658430546549466,0.2862586126720349,0.27034449755367357,0.26871637395705494,0.2662821589747327,0.2739797034506881,0.3014976296157962,0.25315523183649463,0.265586333240169,0.29781964833237917
External Fragmentation Per Link,1,<13-4>, ,0.4350467113619838,0.4431585202504386,0.4392526526874273,0.45711466843948867,0.4591839392741742,0.39986752334248765,0.44840207458310716,0.4062931617673029,0.44066510869233744,0.4255819795316561
External Fragmentation Per Link,1,<4-9>, ,0.23870382270878743,0.29226674617424586,0.29221910653374256,0.2791411658040918,0.2893265957603789,0.24584137174798956,0.2872611482258671,0.2844430209048449,0.2501189423788965,0.2851288241031489
External Fragmentation Per Link,1,<9-4>, ,0.2793850676510934,0.28239639047492054,0.2949095892854067,0.30774779089781734,0.2839019521265405,0.29275659914245805,0.25901357031143,0.29846506033464637,0.28609708125925815,0.2953330632732258
External Fragmentation Per Link,1,<5-9>, ,0.2941480402797087,0.3009835840483742,0.272142580274874,0.29954451631731943,0.2711349436366013,0.28998774146154105,0.29095806074941155,0.28749265567981946,0.28159738170531656,0.2881301885097087
External Fragmentation Per Link,1,<9-5>, ,0.3086352858701656,0.2820492118776273,0.3007366821387498,0.32165405070904424,0.2802465380461267,0.3016130752495388,0.2882651481444347,0.31079233359579594,0.30352701152993533,0.3065996277380288
External Fragmentation Per Link,1,<7-8>, ,0.2566427713986806,0.2553985643607652,0.2462612342498592,0.25164910410332253,0.24472734624794745,0.26108159680487686,0.26026942431537675,0.23980224978259504,0.2356131610556551,0.2907146482204724
External Fragmentation Per Link,1,<8-7>, ,0.2809068411392484,0.272737964148652,0.30894550049501257,0.28598475256526645,0.2945904506540308,0.2867483036668293,0.2805589168092442,0.28365968740793096,0.2874693298933178,0.29460522032140907
External Fragmentation Per Link,1,<5-14>, ,0.40507096583080526,0.45769911319879963,0.4287767069914511,0.41697709761545904,0.46307982051080554,0.3781886117079782,0.40915732578467945,0.4095086850636498,0.4250401615499384,0.41713001651049003
External Fragmentation Per Link,1,<15-17>, ,0.3002948158114988,0.3490152566257207,0.3230912797186862,0.34704132096124285,0.31877536456013084,0.3111816787954975,0.3145697507650697,0.32912086057816664,0.35023891606373875,0.3482478017573611
External Fragmentation Per Link,1,<5-16>, ,0.31992044981304807,0.3599580996665405,0.3319155672073154,0.34761275859418395,0.29838486387686625,0.35191896084110447,0.35930852302501587,0.3156933061802513,0.31968208026055145,0.32517049045206037
External Fragmentation Per Link,1,<13-12>, ,0.4058658252898262,0.41119745152727977,0.43800753370105977,0.3937230658063401,0.4067927038288042,0.41742762518726906,0.42334205998681457,0.42837365272395805,0.40613103759611324,0.4288274995092605
External Fragmentation Per Link,1,<17-14>, ,0.48796230457251566,0.4891076563891311,0.5037955146966697,0.48284285681742856,0.5101937547555673,0.5230789254960342,0.5102144472340898,0.4921538231707453,0.5021881606467845,0.526732293267101
External Fragmentation Per Link,1,<11-12>, ,0.2754245181735185,0.30090124597208984,0.28416918275529357,0.28411767655220316,0.3139015953543475,0.2914489608492809,0.2866266411998877,0.28011532097530395,0.2960548246622309,0.2944445621045763
External Fragmentation Per Link,1,<17-15>, ,0.3261206696159512,0.39582000538198786,0.36254849092893665,0.38944372891250395,0.35800325201069605,0.3418875109351529,0.42662526441655874,0.3375125189933038,0.35716458086022723,0.37872372938716314
External Fragmentation Per Link,1,<7-10>, ,0.23928426454687332,0.2582986584907009,0.23510123812496272,0.23908213245667562,0.23467643414981812,0.2259892621514809,0.2337465376018415,0.21556655039118747,0.2402075475711309,0.24741421493952517
External Fragmentation Per Link,1,<7-11>, ,0.2770767867061096,0.27802532333461,0.26748862056327743,0.3093474038876818,0.29971711228864495,0.2680981577456896,0.30359751144873287,0.3014254248702735,0.2900211232781537,0.3117397706936908
External Fragmentation Per Link,2,<4-10>, ,0.4737121016953807,0.4826734523373007,0.4442194136591239,0.45058814895229976,0.4402057636158976,0.4749493788709583,0.47681757072768577,0.4803205367959625,0.460703150990355,0.45880197565530073
External Fragmentation Per Link,2,<6-15>, ,0.450466652996572,0.5167872200372918,0.42761727690986306,0.45908856029589284,0.41389579478680205,0.4869811529256207,0.4258095811685997,0.4699906687142173,0.449829215400445,0.42714286914053534
External Fragmentation Per Link,2,<4-13>, ,0.555611109341407,0.5639513324480144,0.5833034238509902,0.6013829141633126,0.5775364882819115,0.5795451054607191,0.5366586260331292,0.5781500552111641,0.5274575488086461,0.5382269695819301
External Fragmentation Per Link,2,<12-11>, ,0.4167967138163545,0.3903534148725748,0.4002017670678477,0.3854111414136066,0.4150550287305484,0.36551759243638593,0.38123300465716103,0.4363538056761446,0.43341693820727567,0.3707447879236991
External Fragmentation Per Link,2,<4-16>, ,0.394476382343858,0.37327901969808236,0.3946944946051237,0.4125637316792843,0.39050579842064964,0.41842702761939604,0.35262347815876594,0.444999335301059,0.4026603120365501,0.35912926526234673
External Fragmentation Per Link,2,<12-13>, ,0.545715973223719,0.5664247976227017,0.5792003451059734,0.5300684970542716,0.5280313798380704,0.5397249361781421,0.5607240781274746,0.5757581041763215,0.5638197416699806,0.5223848836920131
External Fragmentation Per Link,2,<10-4>, ,0.4705569328882481,0.3980622309921315,0.4254400827827022,0.46079519984707373,0.45199089494233474,0.48225973875649064,0.47223469417820296,0.5157592374832758,0.47420070414458676,0.4786714332918073
External Fragmentation Per Link,2,<1-3>, ,0.47020913861433156,0.4842457755569478,0.48100351352584353,0.49117570995688553,0.4971375203052557,0.5145816389939616,0.4418114600675304,0.44746813394028717,0.5136424319297936,0.46071768130137636
External Fragmentation Per Link,2,<3-1>, ,0.5091180746875664,0.44985260990223835,0.5174835417307165,0.46475410477587714,0.5202422842094888,0.502415027292199,0.4915631480613062,0.5255951234437798,0.5111275558865931,0.49977529542536075
External Fragmentation Per Link,2,<1-4>, ,0.4661738030414851,0.43056264704309155,0.5562179067041053,0.5282690258503737,0.47146574401282504,0.510321828263133,0.4457450567930949,0.5244937080218025,0.5204906547946321,0.489545240146231
External Fragmentation Per Link,2,<4-1>, ,0.5125586452115624,0.5097596532202184,0.533098353086068,0.5624281354127211,0.5317692809245741,0.5101242287903359,0.5477174069525255,0.542496138714529,0.49184954537718845,0.5296359658995908
External Fragmentation Per Link,2,<1-5>, ,0.5328496606902664,0.5364881761207659,0.49584285248452137,0.5243060248697389,0.5261714694713611,0.522775089694136,0.5272153513225322,0.5371389059646067,0.4659369369998333,0.5053045027408983
External Fragmentation Per Link,2,<2-4>, ,0.6689480873719821,0.6936167551772513,0.6674285558323567,0.6937229943671976,0.6753006556087653,0.6755866386764248,0.6868155292725063,0.687387043275177,0.6569145885529117,0.6506183968025708
External Fragmentation Per Link,2,<4-2>, ,0.6536613361353043,0.6449631987551222,0.6445827056070889,0.6581851726807604,0.6672330479412995,0.6411921024580656,0.6394322265018569,0.6621659506465403,0.6761538516091238,0.6354214095346125
External Fragmentation Per Link,2,<5-1>, ,0.532984298477531,0.5783226498142606,0.5386650648162671,0.5851537292402282,0.5536510164682322,0.5600035158673093,0.5003038946252315,0.5223639323503929,0.5487159431290419,0.5004934268235459
External Fragmentation Per Link,2,<1-6>, ,0.5968596937842704,0.5337660979246598,0.5357942446996287,0.5678546714489247,0.5327105503807581,0.559054105345076,0.5184399256935617,0.571944309871176,0.5263528758766856,0.5646434542147579
External Fragmentation Per Link,2,<2-5>, ,0.6605369860590877,0.6741268732812306,0.6572896577183621,0.6808557198781763,0.6716347522571844,0.6597425217582982,0.6631092396645246,0.6676758181897913,0.6703113379067543,0.6518322525372977
External Fragmentation Per Link,2,<5-2>, ,0.6632863759774272,0.6890732365625692,0.6578003798365474,0.6808751856700483,0.6805091045163381,0.6794165406217728,0.6785982798825131,0.6903129552347538,0.6387330025073478,0.6452141323576405
External Fragmentation Per Link,2,<6-1>, ,0.5150182150168999,0.45781611800837985,0.5436829609624919,0.5691276397779103,0.5341644444954056,0.5192762959255338,0.49491283990124135,0.5646670942396297,0.5560414460578172,0.49914181459493046
External Fragmentation Per Link,2,<14-17>, ,0.6022207363687155,0.6013444455217767,0.6291441836544723,0.590287294327994,0.6013945312612098,0.6229078359687273,0.5872427288622123,0.6255428023680165,0.6033752332408074,0.5924677636644582
External Fragmentation Per Link,2,<15-6>, ,0.4926619108722072,0.4529139628667051,0.49607407279059745,0.5114483820066605,0.4917978861982161,0.48011875522543046,0.47442609203302394,0.5224082103752639,0.4853325490112434,0.5266082523062597
External Fragmentation Per Link,2,<16-5>, ,0.4069305421915572,0.4202281950304252,0.43680999597982634,0.43776893597409616,0.44973470767601315,0.46046156448744036,0.411127873882703,0.45746246368764887,0.43447320099344144,0.4320684408609599
External Fragmentation Per Link,2,<1-7>, ,0.5021478188470185,0.4718344128298551,0.4682265438852943,0.5496069178766853,0.5013155674276386,0.5245953992223805,0.4315022297297743,0.47377315812117404,0.5087127166755361,0.469125807774728
External Fragmentation Per Link,2,<7-1>, ,0.5383842359380686,0.5396836472275838,0.45034055412450913,0.5244084265841871,0.5103816787926513,0.5379768505216899,0.4893165116410872,0.5272363113417916,0.4838235648371163,0.47144462101149887
External Fragmentation Per Link,2,<16-4>, ,0.47024958176169196,0.4501380434524528,0.4355726604230827,0.449723624152105,0.40713364258877943,0.421723741589904,0.4088106245099742,0.4237104155546776,0.4482753976791723,0.4041902755685742
External Fragmentation Per Link,2,<14-5>, ,0.5947779921989983,0.6447263715526563,0.6144320694946503,0.6604059887490069,0.6238997988856696,0.6561537102538836,0.5895621674142848,0.6512629602845824,0.6089479231278497,0.5654355707267711
External Fragmentation Per Link,2,<11-7>, ,0.4483875124332363,0.5020042724258144,0.45660725074610425,0.4630320421117734,0.42362132485892645,0.48122120865600654,0.39528069703914315,0.4474732437911982,0.46036129552836674,0.37370686978684303
External Fragmentation Per Link,2,<3-8>, ,0.4634592165434039,0.4780636469646143,0.4661862358695106,0.5245919757970541,0.4773810651583538,0.48811268336887853,0.5220371004661754,0.47395866348183996,0.5367781931735471,0.49354471547424583
External Fragmentation Per Link,2,<8-3>, ,0.5157962483594444,0.45654979047421246,0.5016771411161713,0.4684316867618542,0.46096240677263106,0.4624575514367654,0.475592057793965,0.5185525574292129,0.5301264974404293,0.4671338465216508
External Fragmentation Per Link,2,<10-7>, ,0.39958066345616194,0.3328934023567267,0.3784279085726037,0.35301789104481984,0.3487455334176512,0.364275943314909,0.3622272501557394,0.38199220600354467,0.3802226365771742,0.34485001707884855
External Fragmentation Per Link,2,<13-4>, ,0.5828999179273866,0.5910296827690171,0.5860494815723657,0.5787275356245333,0.598468090734568,0.5358592880602091,0.5990986111118002,0.5902871661248805,0.5716963032080278,0.5480040805695616
External Fragmentation Per Link,2,<4-9>, ,0.35035079055758267,0.3492786170255945,0.4236401167335495,0.362434098626571,0.3493198415510616,0.37422230645366167,0.3297421230288118,0.40781882420142995,0.40985930259767156,0.315659984190714
External Fragmentation Per Link,2,<9-4>, ,0.3871101677825378,0.3837936476760145,0.38176512994699424,0.39189804820998375,0.3743136455464235,0.38521634992695813,0.42494178468739763,0.3902499659548576,0.3692577859954567,0.35371850819123996
External Fragmentation Per Link,2,<5-9>, ,0.41299762839523835,0.3582822852792216,0.34601375534346307,0.36786649813291766,0.34851394703007793,0.3684884915805679,0.38922246877785865,0.3293217351147153,0.3704773400880543,0.37896869888822615
External Fragmentation Per Link,2,<9-5>, ,0.36356443106952147,0.41607500454758795,0.43997128020497944,0.416698702242847,0.37785548282017734,0.39453712284012266,0.40725288008408067,0.4364378286748734,0.3785765536890716,0.39977565183604846
External Fragmentation Per Link,2,<7-8>, ,0.34175705630576947,0.31992420573071645,0.3532411136473015,0.29943283212830607,0.32926161380145413,0.3035442525860779,0.3379545071834854,0.33303266399132975,0.36036618732289527,0.3028882019271352
External Fragmentation Per Link,2,<8-7>, ,0.42011880605930735,0.3271096299391313,0.37886004249030053,0.38447663110291247,0.3653697507100972,0.379198000214787,0.41985651057949847,0.4071052424643368,0.38180357953688315,0.34211394650595817
External Fragmentation Per Link,2,<5-14>, ,0.6042825941016798,0.6051391033075909,0.6027526523193044,0.5832236154649186,0.6221463322363985,0.5901637765006269,0.5843678110271489,0.6116972842360064,0.5740228241301377,0.5841121571335698
External Fragmentation Per Link,2,<15-17>, ,0.3866286585263208,0.4012024535723302,0.4469938549188775,0.4336786809403527,0.40245099904496207,0.4355517736025592,0.3681308763386227,0.46560232769496046,0.41026841286172655,0.4184379441425254
External Fragmentation Per Link,2,<5-16>, ,0.4486269455395414,0.38878892980621554,0.42330806238521457,0.4646898346323839,0.4136554274770476,0.41819678558131235,0.4218580820138927,0.47081915944762814,0.40351693814025735,0.44303130650316036
External Fragmentation Per Link,2,<13-12>, ,0.5218152583695418,0.5014545746490053,0.5184014027234449,0.539892937837518,0.5184956820154022,0.4758010420070155,0.5031346065272354,0.5285122214352983,0.4962136883554805,0.5032495374789774
External Fragmentation Per Link,2,<17-14>, ,0.6178481586037075,0.6213835474587981,0.6326105786995625,0.6615497698460766,0.6132768799209241,0.6432825885975033,0.629167982087935,0.6331681035379415,0.6170670027599453,0.6203097753121329
External Fragmentation Per Link,2,<11-12>, ,0.42321970120984087,0.3744356948977658,0.36333127897241807,0.3762803085476049,0.3520568746369862,0.3913646008069595,0.35786121090884376,0.3954043489263033,0.32788145181741,0.33740230990504577
External Fragmentation Per Link,2,<17-15>, ,0.47835536149057273,0.43712289153880746,0.4770633816696853,0.46031434273530913,0.4851425823459852,0.508274510536925,0.4898908497952105,0.46241310347526077,0.4473738245497172,0.4589934796189403
External Fragmentation Per Link,2,<7-10>, ,0.33839072667181136,0.3147427698213028,0.31819974471076495,0.3089517895024736,0.31944697630193325,0.32895498464576123,0.2820204476410196,0.34807886559556234,0.33111968500119815,0.31354066751718834
External Fragmentation Per Link,2,<7-11>, ,0.37897517181201257,0.3907505949044276,0.37613726222472804,0.4089501142904058,0.35474287201645355,0.43932281730575334,0.38220369456923137,0.4357662391570608,0.44500581070739276,0.3776040059840402
External Fragmentation Per Link,3,<4-10>, ,0.47592787110270757,0.5057104513675152,0.46621370523838485,0.5106251165602325,0.4437905980482183,0.5291755130216594,0.4709270228999567,0.5308093388865558,0.5113906830584092,0.5060231012849341
External Fragmentation Per Link,3,<6-15>, ,0.45345606659683346,0.5020517084865352,0.4660365504082092,0.4629515783787049,0.5080101877259235,0.4692981006030119,0.4587815625626724,0.4916349566423985,0.4256228757009532,0.40929065585085306
External Fragmentation Per Link,3,<4-13>, ,0.5991156662716132,0.6231109876396513,0.610862565029583,0.5763774749973484,0.6146098514022024,0.560439551053698,0.6034142738259426,0.6099509112689838,0.6123557216180692,0.5781739717778605
External Fragmentation Per Link,3,<12-11>, ,0.4726283670942135,0.4389862897764585,0.47414919846734543,0.4893745613752504,0.4732909374199426,0.48142073271338975,0.46749753109117664,0.4417455247975335,0.456492046098064,0.4320215781549049
External Fragmentation Per Link,3,<4-16>, ,0.4200914300397481,0.43484919250127735,0.460104816551156,0.422879458944688,0.38219362376822663,0.4432786686942981,0.4215268894380306,0.4406602107058368,0.4247306003478986,0.4434096242724823
External Fragmentation Per Link,3,<12-13>, ,0.5799386140903389,0.57668486320402,0.56247544780952,0.5330370687782363,0.550311054867907,0.5907554944248677,0.5930512796988637,0.5712917919635868,0.5748080751081778,0.5667563995275167
External Fragmentation Per Link,3,<10-4>, ,0.4422939443637763,0.43867650245338347,0.46553687968075236,0.43232733463686784,0.5055493405861694,0.5137468941139456,0.4219411402845442,0.4358668095983083,0.5257270251706365,0.46332557210823333
External Fragmentation Per Link,3,<1-3>, ,0.5481830074959435,0.5680699367136424,0.5373788955959646,0.5520505747128138,0.5359072844096386,0.4734982793706249,0.5135979943877773,0.5366682402029888,0.5503404923459443,0.5683129381608436
External Fragmentation Per Link,3,<3-1>, ,0.5742149645892463,0.5059414258666374,0.5132977001338298,0.5389486866493743,0.5745406524720165,0.4945247241996017,0.5571584389829124,0.5442101410126108,0.5874584468800816,0.5752339029235605
External Fragmentation Per Link,3,<1-4>, ,0.5447602374313879,0.6157437461276705,0.5542369793936951,0.5630749827411232,0.5630707678796092,0.5483257059613291,0.5965541929900477,0.5954398518593492,0.5449473944823198,0.5523277992058315
External Fragmentation Per Link,3,<4-1>, ,0.573642694853699,0.5537074608731531,0.5768120669826857,0.5561345078924683,0.5974030663334196,0.5998272661220408,0.604011577761431,0.6022428154138622,0.6048529313859028,0.5860017516559451
External Fragmentation Per Link,3,<1-5>, ,0.5871938077439355,0.5818815366377988,0.6158880182395495,0.5719969153348965,0.6284788165144921,0.5709702663800053,0.5823202046151796,0.5677908572845772,0.5655654858720391,0.584367329901205
External Fragmentation Per Link,3,<2-4>, ,0.6872190124067483,0.6858879167340349,0.6975873174268147,0.6859286095453431,0.6866400691243316,0.6990613374946841,0.6634463993223872,0.698566174806629,0.6695311732811879,0.6923985293200309
External Fragmentation Per Link,3,<4-2>, ,0.663893376693097,0.6327416066090636,0.6728980648797291,0.6382292634246939,0.6667712430094329,0.6661470552164382,0.6572197079176363,0.6363806331491894,0.6757118119299653,0.6298892836252659
External Fragmentation Per Link,3,<5-1>, ,0.5493909179484622,0.5894864738242193,0.5695603824297624,0.5610122316687061,0.5918760304839119,0.5985447568442951,0.5746026898254585,0.5584421458463492,0.5874554973116017,0.5715421822827945
External Fragmentation Per Link,3,<1-6>, ,0.7015686173710893,0.6612620074766061,0.6879361503789361,0.6939160448663186,0.6742815366647106,0.6808078020828591,0.7044639421494778,0.6563167105669064,0.656732787471906,0.6994114405855016
External Fragmentation Per Link,3,<2-5>, ,0.6429894379124327,0.6740083657532304,0.6469957034303127,0.6724166262822182,0.6683821212774418,0.6829096322659509,0.6661696206604037,0.6688894430631286,0.6884933497980935,0.6348825396388988
External Fragmentation Per Link,3,<5-2>, ,0.6756919673630325,0.6876825720657085,0.6870049527264088,0.6685016193348808,0.66884119736358,0.6770729226881531,0.6150410138781213,0.6856357040990548,0.6637742030780257,0.7037130741347232
External Fragmentation Per Link,3,<6-1>, ,0.6669261243920203,0.6231600082853805,0.6418198146242551,0.660112464069538,0.6421841922477017,0.584183516737489,0.6319183210902707,0.6146300141831212,0.6211377713070143,0.6397074896546192
External Fragmentation Per Link,3,<14-17>, ,0.6468521757964916,0.6421493387390887,0.6290477969762223,0.6588572378450307,0.6322690712003879,0.696599280643017,0.6631667858947282,0.6023411968333068,0.6334029963372378,0.6689939525102467
External Fragmentation Per Link,3,<15-6>, ,0.45104749953975254,0.531365204169171,0.5932727252272958,0.6022869596349668,0.499310341884454,0.5575302772502239,0.5644195533980199,0.585519472911621,0.5415366136152251,0.4767979403400436
External Fragmentation Per Link,3,<16-5>, ,0.477136647428898,0.48422087691593674,0.49985730210602203,0.5073325940378689,0.4592115667010459,0.49739519465975657,0.447486043357859,0.48942096915400934,0.40132479536715193,0.4816489480254631
External Fragmentation Per Link,3,<1-7>, ,0.5762908973771093,0.5851539719173806,0.5296938091242223,0.6061114120985657,0.5692552867366069,0.5376226564204217,0.558623905644222,0.5084119635153,0.5042338066337742,0.5580743532425503
External Fragmentation Per Link,3,<7-1>, ,0.5690163935065441,0.6161729924508043,0.5845680302607111,0.5900540914047899,0.601375197206396,0.5788457376021786,0.575920481273003,0.5749315683946958,0.5565067478607318,0.6425155150550176
External Fragmentation Per Link,3,<16-4>, ,0.4534372786551499,0.4606369035008612,0.5118263791207845,0.47303647352591216,0.4956208578971591,0.4623482980778974,0.4898182561446118,0.4687119690865872,0.465543225516946,0.4696488046761784
External Fragmentation Per Link,3,<14-5>, ,0.6816402728210303,0.6934938316990787,0.688604033642468,0.7018124780659568,0.6678223024505247,0.6779927205441058,0.6888012119068151,0.6607370415032142,0.7065725931123037,0.6858893194618572
External Fragmentation Per Link,3,<11-7>, ,0.4753963952150626,0.46693509162992797,0.41829958558532937,0.5162465891173345,0.4920223825927044,0.5559202271858168,0.4581350777970619,0.4496029363973941,0.5024670206875935,0.5364077102874887
External Fragmentation Per Link,3,<3-8>, ,0.5312507805900717,0.5094750106804372,0.5061241521650044,0.543931361816118,0.552778051637975,0.5245335493182062,0.5203840277980598,0.5724078639409772,0.5386940921864884,0.5670404926302006
External Fragmentation Per Link,3,<8-3>, ,0.5502181295314436,0.5212243907130518,0.5109388850740713,0.5262743248207012,0.559275803911633,0.5271216259040055,0.5483625283227738,0.5165548281173461,0.5727924022455616,0.5588730818434026
External Fragmentation Per Link,3,<10-7>, ,0.3897969126178915,0.410462952607191,0.4359393939891129,0.4363929440543177,0.44994697455684524,0.42260068161759484,0.4212434888752096,0.3979933395213471,0.4012945521710852,0.45620009089878416
External Fragmentation Per Link,3,<13-4>, ,0.5730323907419849,0.58426270288478,0.5617423318950429,0.5683696987605485,0.5420071169491703,0.5862904045056718,0.6187655644492758,0.5963568142016277,0.5432066411892764,0.5255067295837236
External Fragmentation Per Link,3,<4-9>, ,0.4184716316688857,0.4132593297454942,0.42344884224136536,0.4218542646791568,0.3928668186054364,0.426435917692113,0.4216415361674728,0.45038788800148666,0.4215441255238866,0.40075295458435034
External Fragmentation Per Link,3,<9-4>, ,0.4436201329281994,0.45264931865805363,0.43260609206181894,0.47931341804568894,0.49126811089676853,0.5071790372231686,0.49584293529302637,0.38935772034982763,0.47559446045793935,0.47968897750602046
External Fragmentation Per Link,3,<5-9>, ,0.45770469357628035,0.43361252883783974,0.4172376485937726,0.48110455480034725,0.40798836756467943,0.5290804018558135,0.4763184234555708,0.3592735606164084,0.47828754248165006,0.4594614093896881
External Fragmentation Per Link,3,<9-5>, ,0.4501770675525634,0.40810376001547216,0.3922637727410071,0.4589460421906009,0.3843939879212049,0.474916591221167,0.42406503089909586,0.450184192626229,0.33838679119682763,0.38866827772079593
External Fragmentation Per Link,3,<7-8>, ,0.3812814495538454,0.3748198396379522,0.4010639402428417,0.3526201671018161,0.4115613865623177,0.4263124437483476,0.3810944151766706,0.4542960050566757,0.3974643888747773,0.3966710863141033
External Fragmentation Per Link,3,<8-7>, ,0.45879104363120576,0.4323032664362041,0.44283035318448805,0.47931017893211597,0.47199675110059475,0.4222012215590982,0.4754697613000554,0.4243925802864576,0.4428122782694169,0.4442116586548528
External Fragmentation Per Link,3,<5-14>, ,0.6766855055661857,0.7062283827671036,0.6980139170904569,0.6657284033920108,0.7054829278704026,0.6878785756794795,0.6838042242488743,0.6553166459427368,0.6795937216458003,0.7024108076900479
External Fragmentation Per Link,3,<15-17>, ,0.5470157073956877,0.5321748208595535,0.41141188092867303,0.5406160728756423,0.5056578953959351,0.5178103956862921,0.522570424902966,0.468372177003093,0.4473738602570455,0.4619453756613324
External Fragmentation Per Link,3,<5-16>, ,0.4523296455560464,0.4714947667501859,0.46999211687818326,0.4338957929740996,0.46686783817154587,0.46889971314696643,0.4640538544953828,0.41457852367009057,0.4576630979810135,0.4633628158553487
External Fragmentation Per Link,3,<13-12>, ,0.524842386267848,0.5544484996964112,0.5291545602922049,0.5195961459053464,0.5499480247225301,0.5537021806371482,0.5325936862522137,0.5917059092982113,0.5099476860284515,0.5104108260009637
External Fragmentation Per Link,3,<17-14>, ,0.6028478120179006,0.688442410300373,0.6707347902822083,0.6791951929202328,0.6512387168818218,0.6570904704588353,0.6435604423405403,0.6163734865906596,0.645269411927524,0.6169656231960327
External Fragmentation Per Link,3,<11-12>, ,0.4207668769668978,0.4316972763844335,0.4269341097088843,0.39564588679064583,0.4444844959839987,0.421513285569203,0.4278367548290591,0.417910864244648,0.44733039245315737,0.4283328527054963
External Fragmentation Per Link,3,<17-15>, ,0.4898459931205689,0.465047893046611,0.5242131824255242,0.5133570108060754,0.5135743218457269,0.5057658841469834,0.5419983410818167,0.49915650193923644,0.5155181329737213,0.552010624730108
External Fragmentation Per Link,3,<7-10>, ,0.3458829221461457,0.38110465586344966,0.35812832708060816,0.38880433447922214,0.355081566101549,0.34815425378533627,0.33424598816557666,0.35593288730195793,0.38250883935308805,0.34991136557769814
External Fragmentation Per Link,3,<7-11>, ,0.42760924713226156,0.4671970336120967,0.44179307576842214,0.46286907952816025,0.39530043324143715,0.47829596673446234,0.4983646272038195,0.44747298275454217,0.4411220344196182,0.4857658955643756
External Fragmentation Per Link,4,<4-10>, ,0.5053828098360541,0.4442662959760204,0.4827248171637259,0.5097413515318435,0.5338374030366658,0.49485300869678506,0.48729721912288504,0.4663965052483671,0.4883422518353218,0.49172521562747423
External Fragmentation Per Link,4,<6-15>, ,0.45356089234978475,0.4119508267679931,0.4372548108584445,0.4680720275367323,0.5191928749246376,0.5426481165921081,0.5341702093588282,0.5135708580975807,0.5118609064339453,0.38672724382255547
External Fragmentation Per Link,4,<4-13>, ,0.5973305263059479,0.578743314924318,0.6147627401536345,0.5361657475587551,0.6585766756240756,0.6410454819787205,0.6009589373720322,0.550158437890274,0.6385573123672411,0.6359413548532941
External Fragmentation Per Link,4,<12-11>, ,0.5229806131354412,0.5119017702629661,0.4819723320527327,0.4811489376138622,0.4545178641414754,0.4717207647284096,0.4895815219210301,0.5140075577372076,0.49739173204532294,0.4830064945055152
External Fragmentation Per Link,4,<4-16>, ,0.5172357135878016,0.4427337061471703,0.45807813603500624,0.4852361607571916,0.5120095681333245,0.514063325119893,0.4151120415023862,0.49179223012103823,0.4914828323457217,0.40356022109719863
External Fragmentation Per Link,4,<12-13>, ,0.5854740658341072,0.552218553402796,0.5637482952615218,0.6001037571096691,0.6021990207384933,0.5785971989001291,0.5222471052358217,0.5596400555143812,0.6076232643949572,0.5826615049091002
External Fragmentation Per Link,4,<10-4>, ,0.49062622922336935,0.5457365512685189,0.45896863548058503,0.42126747193551833,0.48745927559618757,0.5476623206198177,0.5167832893742524,0.4823802189778912,0.48706544866197105,0.4658004401395374
External Fragmentation Per Link,4,<1-3>, ,0.5874593805032257,0.5754904367250157,0.6059607052749524,0.5830547296997489,0.5951178708690099,0.6107032268302447,0.5637896415235821,0.5669406305441513,0.6187957105791176,0.6309547065066369
External Fragmentation Per Link,4,<3-1>, ,0.6381525324221939,0.5273346690710738,0.6064681954902452,0.6313410467384744,0.5816409897353911,0.568162046108195,0.6290982737446664,0.6024252204822041,0.6227237621062304,0.6016137904143718
External Fragmentation Per Link,4,<1-4>, ,0.5577005542465082,0.5940697192072943,0.6113232427515383,0.5477977540760319,0.6401129476929794,0.558570446899858,0.5364413167860329,0.5970756003504648,0.6176953821429186,0.619443537354926
External Fragmentation Per Link,4,<4-1>, ,0.6353132466583542,0.53453077390292,0.6548034890279829,0.5321091840778944,0.5699767393902674,0.6463583555957891,0.6576537264769636,0.6243698162721766,0.6220778807388072,0.6010001602823413
External Fragmentation Per Link,4,<1-5>, ,0.6788591656920678,0.5826637776749721,0.6885119126226815,0.6506415556615117,0.5843866178970043,0.6102607857644198,0.6547283744533682,0.6244664569073767,0.6046128283390328,0.6011895592292366
External Fragmentation Per Link,4,<2-4>, ,0.6772888203143036,0.6372878304499717,0.6777383355841501,0.671888386075373,0.6389880652671692,0.658947042516337,0.6287398576293719,0.645174341186998,0.7076473752938223,0.6434412447974637
External Fragmentation Per Link,4,<4-2>, ,0.6610498146788033,0.636437744606929,0.6516589395661945,0.6453567699364962,0.6763129844933041,0.6508412103025859,0.6432864432718635,0.6267736275827936,0.6303960933933178,0.6524588724379788
External Fragmentation Per Link,4,<5-1>, ,0.5914822342996132,0.5982151684047297,0.6098006090977327,0.5956229103998294,0.6117978429412115,0.6307884953406634,0.5883785568415821,0.5742854124237735,0.5621136337815179,0.5925779807895101
External Fragmentation Per Link,4,<1-6>, ,0.7569771889562728,0.7328942852371918,0.717504040419788,0.7342145496612927,0.6561014926274927,0.7237075141951291,0.7289984362753952,0.7311716166308533,0.6965236674049584,0.7167522888980471
External Fragmentation Per Link,4,<2-5>, ,0.626114243494453,0.5701981516704364,0.6181308698381223,0.6151636746833835,0.6492723930836699,0.5925745607024302,0.6210128900998376,0.6169401805635748,0.5735182272795148,0.6462556642577807
External Fragmentation Per Link,4,<5-2>, ,0.6589474590688553,0.6506783451933347,0.6510910730039989,0.6418508814995281,0.648548506206944,0.6371967637121645,0.6289072353214354,0.6566750115159625,0.6867286390148529,0.651625701293426
External Fragmentation Per Link,4,<6-1>, ,0.7095839272781961,0.6713415490926657,0.6671545184093522,0.7265515810889587,0.6595539921872607,0.6712016777204606,0.6532029667329893,0.6449758640980738,0.6569482649488063,0.6757312698740535
External Fragmentation Per Link,4,<14-17>, ,0.6727792407823517,0.63103910412661,0.6849408656925753,0.6596754584667944,0.5542883249515376,0.6199961074283865,0.6032090694707682,0.6230868484617268,0.6621020117828743,0.6148694455938591
External Fragmentation Per Link,4,<15-6>, ,0.5482626120180597,0.4045223386475944,0.5205065042831581,0.5520662486492901,0.549189797908125,0.4750416064112264,0.5049173126712306,0.44276344597845957,0.41808048952533783,0.511912012214284
External Fragmentation Per Link,4,<16-5>, ,0.5135947076398539,0.41779680310504014,0.5452204582033232,0.5652820825688268,0.38678212729565115,0.49597045452119315,0.514166089666234,0.5023128665198724,0.47812286262001447,0.43566719614862864
External Fragmentation Per Link,4,<1-7>, ,0.5579684798133822,0.6552018125897898,0.5992879057352153,0.6069876365515673,0.5861743137579739,0.6337448966370515,0.6033075845453394,0.6076713274727031,0.6152880648757435,0.5990425902732939
External Fragmentation Per Link,4,<7-1>, ,0.6233597689671458,0.6018521857713202,0.5879903803043499,0.6016682533211221,0.5908592461316289,0.6092570865556874,0.5940393097629569,0.5989856599146257,0.5681841424895802,0.6040321115629322
External Fragmentation Per Link,4,<16-4>, ,0.5472794337200149,0.4854793066162713,0.5446248509067765,0.521114398906667,0.5547690936130092,0.5062844782086959,0.5094292803256942,0.5240417810877435,0.5393989445623383,0.5043508558305506
External Fragmentation Per Link,4,<14-5>, ,0.6869615150768508,0.6891225576192008,0.6985122326693596,0.696053549434224,0.687335037894624,0.694649494457593,0.7161332129521638,0.6986095143907388,0.683079519916415,0.7017809293823586
External Fragmentation Per Link,4,<11-7>, ,0.6037921794374645,0.5002732776734518,0.4599343177385384,0.4644437216352945,0.5177065638731034,0.5345182950555484,0.5059403453301591,0.4236659065846172,0.5363877758460578,0.5237195702429335
External Fragmentation Per Link,4,<3-8>, ,0.5789797526668321,0.5877371210098161,0.5910003835975176,0.6174570823783256,0.6073102924385394,0.6136759913261729,0.5826454919784267,0.5781315434994337,0.608657724745922,0.590914850939466
External Fragmentation Per Link,4,<8-3>, ,0.539146105119876,0.5337012147876188,0.516542788547074,0.5268656982051168,0.5567305115986751,0.5661933986980063,0.5612327553533919,0.546223766225715,0.5856606875261203,0.5488927440752731
External Fragmentation Per Link,4,<10-7>, ,0.47351092295993413,0.41947041053666256,0.5168923752787251,0.4633748324721379,0.5276193125442054,0.5172148183558961,0.48847413516570104,0.4470318517307332,0.4974542285522085,0.4343643117849512
External Fragmentation Per Link,4,<13-4>, ,0.5878742005436687,0.507725900884688,0.5847129391834269,0.5723779619281576,0.5799871057644925,0.6067859265774307,0.5152457000345582,0.5261927852945459,0.5473618540746057,0.5730978934572031
External Fragmentation Per Link,4,<4-9>, ,0.5255761373287886,0.5937100342423074,0.5716392157926562,0.5267696956748886,0.5047256044984434,0.5065334734033379,0.5151910911262595,0.5043333565635966,0.5307342440360522,0.4355970848904183
External Fragmentation Per Link,4,<9-4>, ,0.500210531909473,0.48843320768437676,0.5341186428942677,0.5353554314221338,0.5412302648395918,0.4730841478315462,0.4373459933757781,0.5116167442623099,0.4863976658982287,0.5179304171922342
External Fragmentation Per Link,4,<5-9>, ,0.5154886396229234,0.47792735356075533,0.4780850276376465,0.5204915618776271,0.49419558594992447,0.4988508230662481,0.4645910227284636,0.49889578591213424,0.5765349374014642,0.5517338010563321
External Fragmentation Per Link,4,<9-5>, ,0.43585113974118583,0.477401260382002,0.3356111616337141,0.38593377496824155,0.32659031714618475,0.3214192084464616,0.4697924577024856,0.34722065950917286,0.3981174574369629,0.38216269883109577
External Fragmentation Per Link,4,<7-8>, ,0.474366587188882,0.38417356494411736,0.438194408261818,0.4413004559701511,0.42852677974143893,0.42470108296304715,0.4631080410180885,0.48134595709003086,0.46018929963642946,0.4104515866702224
External Fragmentation Per Link,4,<8-7>, ,0.46628721852510896,0.5246279749381892,0.49827703784473487,0.4844899249744501,0.5195154892378453,0.5506759382234528,0.503112625856401,0.5387903862976181,0.5411759340475157,0.46100202387450556
External Fragmentation Per Link,4,<5-14>, ,0.7051758388072782,0.7124920400282116,0.7024952532358161,0.7190858132135144,0.7455955124609794,0.7176997951965669,0.7086429233267783,0.7382517185334806,0.7109426050356591,0.709936092972795
External Fragmentation Per Link,4,<15-17>, ,0.46829176908646397,0.5601898596934153,0.5269082851591915,0.481913334638695,0.4692254357131056,0.5064648833670539,0.5122275823472586,0.4686192444248417,0.5636566992406058,0.5421164282269886
External Fragmentation Per Link,4,<5-16>, ,0.46084438297100455,0.4707260866131734,0.5608011783146202,0.46832810240252565,0.501685002698205,0.5421059870012971,0.4374266436353949,0.5180859903069234,0.4859485258898182,0.5101554985647031
External Fragmentation Per Link,4,<13-12>, ,0.561703548604321,0.5518650572546857,0.5682332527200905,0.5693402333326397,0.6113334023785977,0.6347986195483205,0.5703180965455145,0.5508681266138626,0.5646533877372939,0.563430343662475
External Fragmentation Per Link,4,<17-14>, ,0.6311278075304091,0.6741757482451343,0.5942499902568963,0.5929521117782188,0.5918757760542017,0.6287651970775016,0.6294668537782795,0.56269187616374,0.684145024836392,0.6466214952041308
External Fragmentation Per Link,4,<11-12>, ,0.49559588569734087,0.4942179850292877,0.4687314112736906,0.42206715304121845,0.5052240604679461,0.5024387160645706,0.49397033362384984,0.4747012878964892,0.5759405129187706,0.49761664167859077
External Fragmentation Per Link,4,<17-15>, ,0.5993075815065598,0.5208675501227619,0.5740541546387187,0.5686111875908066,0.5046460031088701,0.5212994437041844,0.5254941716144318,0.5419833730501173,0.5294837546794563,0.5564127136647072
External Fragmentation Per Link,4,<7-10>, ,0.4603499689174764,0.4009901763437147,0.37178992590509324,0.38884694933806024,0.4197515466838699,0.4349144540375989,0.45664172760003613,0.421084381346061,0.4370366560538373,0.4079729596789694
External Fragmentation Per Link,4,<7-11>, ,0.47794260812907136,0.4544902055581662,0.49817433768090513,0.5584893641818592,0.5643759947577671,0.4486319139399689,0.44978229311293527,0.4941152205635961,0.5654461980743543,0.5357361143869912


